73.07,450,0,nan,485
73.06,445,0,89.48,nan
73.01,415,0,89.27,nan
nan,nan,0,nan,nan
72.95,370,0,89.25,nan
72.86,318,0,89.22,360
nan,370,0,89.16,340
72.98,390,0,89.2,352
73.02,420,0,89.17,345
73.04,433,0,89.28,nan
73.08,390,nan,89.29,388
nan,425,nan,89.3,390
nan,405,nan,nan,352
nan,nan,0,89.16,335
73.01,340,nan,89.04,290
72.95,nan,0,88.95,265
72.94,290,nan,89.12,315
nan,320,0,89.05,300
nan,290,0,88.98,255
72.92,nan,0,88.94,242
72.97,295,0,88.98,255
nan,205,0,88.96,250
72.85,240,0,88.96,250
72.84,230,0,88.88,222
72.84,nan,0,88.86,218
nan,220,0,88.96,247
nan,240,nan,88.92,253
72.86,250,0,88.81,nan
72.79,nan,0,nan,nan
72.81,215,0,88.8,204
nan,205,0,88.83,211
72.79,nan,nan,nan,218
nan,215,0,88.83,211
72.78,210,nan,88.92,234
72.8,220,0,88.9,nan
72.8,nan,nan,nan,228
72.79,nan,0,88.88,224
nan,245,3.7,nan,216
72.8,258,nan,88.93,236
72.82,273,0,nan,247
nan,287,0,nan,243
72.87,262,0,nan,239
72.87,262,nan,88.93,226
72.86,255,0.2,88.92,230
72.82,nan,0,89.02,272
72.87,262,0,nan,265
72.87,262,nan,88.98,258
72.87,262,1.2,nan,224
72.85,250,nan,89.03,nan
nan,nan,0,89.05,264
72.91,287,nan,89.03,258
72.91,287,0,88.98,243
nan,255,0,89.1,276
72.9,280,0,89.02,249
72.92,293,1,88.92,224
nan,250,0,88.96,nan
72.84,nan,0,89.02,249
72.86,243,0,89.51,478
73.3,555,2.9,89.69,nan
nan,705,3.5,89.68,694
73.45,705,1.6,89.68,nan
nan,740,51.9,89.81,905
73.61,835,1.6,89.88,1000
73.69,1000,0,89.68,735
nan,795,0,89.78,920
73.56,830,0,89.55,630
73.46,nan,0,89.59,nan
73.47,720,nan,nan,723
nan,nan,0,nan,870
nan,740,0,89.57,690
73.38,650,0,89.58,710
73.36,645,0,89.58,710
73.37,655,0.1,89.62,770
73.42,700,4.2,89.63,775
nan,700,6.6,89.65,nan
73.42,750,0.1,89.65,800
73.42,750,0.1,89.64,798
73.42,nan,0,89.65,810
73.42,750,nan,89.66,844
73.4,790,0,nan,710
73.22,630,0,89.5,nan
73.25,657,0.1,nan,725
73.27,nan,nan,89.59,740
73.24,695,nan,nan,nan
73.19,nan,0,nan,nan
73.19,646,0,89.48,620
73.15,610,0,nan,nan
73.15,610,0,89.55,695
73.14,600,nan,nan,660
73.14,600,0,89.62,nan
nan,638,0.4,89.61,700
73.18,638,0,89.7,760
73.25,nan,0,nan,975
73.42,860,0,89.95,1040
73.46,nan,0,89.86,911
73.46,905,0,89.85,914
73.39,842,nan,89.86,911
73.38,832,nan,89.87,918
73.42,872,nan,89.82,862
73.4,852,0,89.79,827
73.38,832,nan,89.84,nan
73.38,832,nan,89.86,905
73.39,842,0.1,89.86,nan
73.36,813,0.1,89.79,880
nan,794,11.1,89.77,nan
73.29,745,0,89.51,nan
73.18,640,0,89.67,830
nan,707,0,89.81,nan
73.29,745,nan,89.79,924
73.29,745,nan,89.77,807
73.26,nan,0,89.74,780
73.24,740,0,89.82,862
nan,757,0,89.77,840
73.24,740,0,89.79,830
73.23,nan,0,89.83,872
73.24,820,0,89.84,nan
73.2,782,0,89.76,770
nan,740,0,nan,790
73.13,710,0,89.83,840
73.15,740,3.2,89.81,755
73.13,668,0,89.85,795
73.12,659,0,89.76,nan
nan,nan,0,89.76,615
73.04,555,0,nan,630
73.02,595,nan,89.78,630
73.02,nan,0,89.81,675
73.01,585,0,89.86,655
73,580,0,89.87,665
72.94,530,0,89.87,nan
72.97,540,0,89.89,nan
72.95,520,1,89.8,510
72.95,520,0,nan,nan
nan,540,nan,89.89,610
nan,470,0,nan,420
72.93,425,0,nan,438
72.96,460,0,89.85,545
73,500,0,89.72,454
72.94,nan,nan,89.64,432
72.91,380,0,89.72,nan
nan,420,0,89.81,550
72.96,440,0,89.82,557
72.98,465,0.1,89.95,650
73.09,590,0.1,nan,700
73.17,nan,0.1,90.08,nan
73.19,700,0,90.07,nan
73.18,690,0,90.03,605
73.17,680,nan,89.95,643
73.13,630,0,89.91,615
73.08,nan,0,89.98,650
73.11,540,nan,89.92,600
73.12,550,44,90.02,670
73.13,550,nan,89.87,nan
nan,520,0,89.82,491
73.03,480,0,89.82,491
73.03,480,0,89.88,nan
73.06,nan,0,89.84,480
73.03,510,0,89.87,nan
73.05,540,0,89.95,582
73.09,580,0,nan,405
72.94,420,0,nan,500
72.98,500,0,89.81,575
73.06,550,0,nan,475
72.94,nan,0,89.68,480
72.95,470,25.7,nan,nan
nan,510,14,89.68,495
73,565,0,89.77,525
73.01,570,nan,89.79,543
73.01,570,0,89.76,545
nan,570,0.1,89.93,632
73.07,nan,28.3,89.85,nan
73.06,580,6.2,90.56,1790
74,2000,3.5,91.05,3050
74.41,nan,8.7,91.16,3360
74.41,3220,nan,91.19,3380
74.44,3300,0,91.35,3620
74.52,3550,0,91.42,3600
74.58,3660,0,91.41,3580
74.67,3900,nan,91.45,3980
nan,4030,nan,91.49,4160
nan,4000,nan,91.4,4100
74.54,3630,2.3,91.29,3890
74.43,3300,0,91.29,3840
74.35,3160,0.1,90.76,nan
74.18,2640,nan,90.31,1900
nan,nan,8.2,89.69,1100
73.37,921,9.6,89.47,780
73.67,1130,5.1,90.36,1900
73.9,1880,0,90.15,nan
nan,1020,0.5,89.83,1220
73.52,1010,0,90.04,nan
73.61,1200,nan,89.73,980
73.32,820,nan,89.58,753
nan,820,33.6,89.71,922
73.45,nan,44.7,89.54,705
73.21,620,14.8,89.51,750
73.23,630,11.9,nan,640
73.13,530,0,89.34,nan
73.08,490,nan,89.27,nan
nan,430,nan,89.19,430
73.05,480,49.6,89.21,450
73.02,460,nan,89.34,565
73.05,nan,0.2,nan,625
73.07,495,0.1,89.41,540
73.07,495,0,89.52,640
73.07,495,0.1,nan,940
73.13,nan,0,90.3,1450
73.12,nan,nan,90.3,nan
73.1,nan,1.5,90.3,1430
73.1,1390,21.7,90.24,nan
73.08,1270,nan,90.23,1370
73.08,nan,1,nan,2390
73.96,1940,26.7,90.94,nan
74.44,3800,0,91.09,nan
74.35,3480,17.8,91.25,3700
74.55,4080,0.2,91.21,3620
74.46,3540,0,nan,3240
74.34,3100,0,90.96,3200
74.32,3020,nan,90.95,3170
74.32,2920,0.1,90.63,2450
73.99,nan,0,89.9,1600
73.43,880,4.7,89.59,1260
73.23,820,nan,nan,1280
73.22,820,0,89.93,1080
73.18,840,0,89.75,875
73.18,840,nan,89.99,1150
nan,1100,0,90.47,1740
73.77,nan,0,90.16,1510
73.56,1240,0,90.18,1710
73.54,1360,nan,90.15,1660
73.47,1250,0,90.08,1540
73.42,nan,0,nan,1510
nan,1130,nan,90.16,1500
73.2,nan,0.1,89.71,850
72.97,nan,1.3,89.48,600
nan,580,0,89.45,580
72.86,590,0,89.67,796
73.04,700,19.9,89.64,760
72.97,640,0,89.82,995
73.07,730,0,89.72,859
nan,730,0,89.73,870
73.04,700,nan,89.63,750
73,640,28.9,89.66,782
73,670,nan,89.46,nan
72.85,540,0.1,89.47,550
72.82,527,0,nan,nan
72.96,610,0,nan,nan
nan,775,0,nan,890
73.26,955,nan,nan,890
73.16,840,0,nan,900
73.21,892,0,89.79,760
nan,840,nan,89.97,1000
73.24,900,0,89.82,758
73.13,770,0,89.95,nan
73.13,770,0,89.91,880
73.12,760,0.1,89.72,680
72.96,610,0.1,89.91,920
73.2,nan,0,90.02,990
73.24,nan,0,89.89,803
73.23,900,nan,90.03,nan
73.14,790,0.1,90,820
73.17,860,0.1,nan,770
73.14,830,0,89.99,820
73.1,800,0,nan,nan
73.09,nan,0,89.98,930
nan,nan,0,90.07,1000
73.14,840,0,89.87,790
nan,760,0,89.92,840
73.19,865,nan,90.12,1000
nan,865,0,90.01,800
nan,830,nan,nan,800
nan,865,nan,90.15,960
73.18,950,0.6,89.9,755
73,775,0.6,89.89,740
73.13,nan,nan,90.07,990
nan,980,0,nan,880
73.03,735,0,89.62,nan
nan,765,0.1,89.97,950
73.22,nan,nan,90.09,1070
73.19,890,0.1,89.99,980
73.13,830,0.1,89.98,880
73.11,810,0,90.03,900
73.19,890,0,nan,995
73.28,950,0.1,nan,995
73.29,1110,2.1,90.14,950
73.31,1130,5.7,nan,nan
73.3,nan,0.5,nan,nan
73.27,1090,0,90.01,1030
73.29,1110,0,nan,1000
73.21,1030,nan,89.98,1080
73.3,nan,0,89.96,1050
nan,1020,0,nan,1130
nan,1090,0,90.11,nan
73.31,1080,nan,nan,1280
73.35,1420,0,89.98,nan
73.35,1420,nan,90.03,1400
73.34,1400,nan,nan,1200
73.22,1230,0.1,89.81,1040
73.2,1020,0,89.92,1050
73.25,1050,0,89.85,1010
73.1,880,2.3,89.85,1010
73.15,1030,9.2,89.82,930
nan,1020,nan,89.9,1040
73.16,1040,0,89.79,890
nan,1020,nan,89.92,1070
73.23,960,0,89.92,1070
73.25,1020,0,89.86,990
nan,nan,0,89.63,710
73.02,800,0,nan,880
73.05,820,0,89.66,730
72.97,nan,0,89.69,760
73,nan,0,89.68,680
72.98,755,0,89.7,700
72.95,725,0,89.69,690
72.92,695,0,89.6,610
72.82,nan,nan,89.37,468
72.69,nan,0.1,89.54,552
nan,540,0,89.58,584
nan,nan,0,89.7,698
72.84,625,6.4,89.71,nan
72.91,690,1.2,89.71,705
72.92,700,nan,89.74,770
72.96,738,0,90.07,1010
73.17,940,0,89.88,810
73.05,825,nan,89.8,740
72.98,755,0,89.81,nan
72.93,705,0,89.46,nan
nan,735,0,89.83,768
72.91,690,0,89.85,782
72.97,745,0,89.96,890
72.99,805,0,89.82,780
72.91,730,0,89.8,nan
72.9,720,nan,89.78,740
nan,680,0,89.66,640
nan,650,0,89.49,480
72.73,560,0.1,89.48,455
nan,510,0.7,nan,454
72.73,569,0,89.59,530
72.77,600,0,89.58,550
72.78,581,0,89.53,510
72.72,560,nan,89.4,454
nan,530,nan,89.41,458
72.69,nan,0,89.36,512
72.63,nan,nan,89.36,512
72.63,475,0,89.36,512
72.64,480,3,89.36,490
nan,480,nan,89.26,480
nan,480,0,89.28,420
72.63,475,0,nan,545
72.67,510,0,89.51,550
72.67,515,0,89.46,500
nan,530,0,nan,523
72.69,550,0,89.59,560
72.72,550,nan,89.58,nan
72.72,550,nan,89.66,625
nan,nan,0,89.57,544
72.7,580,nan,89.44,560
nan,nan,0,89.47,560
72.67,525,0,89.44,470
72.64,525,0,89.41,440
72.62,495,0.1,89.42,490
72.67,545,2.6,89.54,452
nan,nan,0.2,89.37,410
72.73,605,0,89.43,430
72.73,nan,0,89.21,490
72.73,605,nan,89.25,510
nan,nan,0,89.33,545
72.64,nan,nan,89.33,nan
nan,545,0,nan,615
72.72,nan,0,89.33,510
nan,510,nan,nan,535
72.61,510,0,89.48,nan
72.68,555,nan,nan,550
72.66,nan,0,89.41,455
72.58,470,0,nan,nan
nan,515,3,89.5,530
72.72,565,0.9,89.29,398
72.69,540,0.1,89.25,380
72.67,538,nan,89.25,380
72.68,530,nan,89.09,nan
72.63,nan,0.1,89.11,318
72.69,540,nan,89.11,318
72.66,380,0.8,89.15,330
72.65,375,0,89.18,nan
72.65,375,nan,89.32,385
72.75,430,0.8,89.5,515
72.75,455,0.2,89.44,480
72.69,405,0,89.32,400
72.62,360,0,89.26,365
72.62,nan,0,89.38,440
72.66,385,nan,89.43,nan
72.65,455,0,89.43,nan
nan,nan,2.2,89.59,565
72.74,nan,0.8,nan,598
72.8,510,0,89.56,530
72.78,nan,0,89.5,495
72.77,nan,0,89.48,nan
72.74,nan,nan,89.53,550
72.76,485,0,nan,600
72.76,485,0,89.58,nan
72.76,nan,0,89.54,563
72.75,478,0,89.48,510
72.74,475,0,nan,510
72.79,491,0,89.56,555
72.78,nan,0,89.56,500
72.86,526,0,89.59,nan
72.86,526,0,89.55,nan
72.85,500,0,nan,425
nan,495,0,nan,405
72.83,510,0,89.33,390
72.79,491,0,89.27,nan
72.73,470,0,89.24,464
72.76,455,nan,89.21,nan
72.73,440,0,89.21,450
72.75,450,0,nan,420
72.76,455,0,89.2,425
72.74,445,0,89.38,503
nan,nan,0,nan,nan
nan,500,nan,89.65,635
72.98,530,0,89.64,620
72.99,535,0.1,89.82,798
73.2,790,nan,89.75,760
73.26,850,nan,89.75,918
73.27,840,nan,89.69,872
73.29,865,nan,89.82,1010
73.25,nan,nan,89.71,895
73.26,nan,0,nan,925
nan,850,0,89.67,805
nan,800,0,nan,805
73.32,855,0,nan,880
73.39,930,0,89.78,660
nan,850,nan,89.84,730
73.28,983,0,89.88,875
73.32,1000,0,89.87,985
73.35,nan,0,89.84,970
73.3,nan,0,89.85,nan
73.3,nan,0,nan,1110
73.31,965,6.1,89.89,1140
73.27,nan,0,89.85,1090
73.25,900,0,89.78,1010
73.21,852,0,nan,1000
73.18,953,0,89.62,770
73.16,924,nan,89.74,910
nan,nan,0.1,89.61,855
73.1,880,0,89.63,885
nan,nan,0,nan,880
73.05,825,nan,89.77,nan
73.15,905,0,89.61,907
73.02,805,0,89.42,700
72.86,710,nan,89.51,nan
72.95,nan,nan,89.43,723
72.85,700,0,89.55,800
72.88,720,0,89.43,nan
nan,690,0.1,89.45,670
72.86,660,1,89.42,nan
72.87,670,nan,89.42,705
72.86,660,0,nan,730
nan,nan,0,89.41,700
nan,680,nan,89.52,nan
73.14,790,0,nan,915
73.33,975,0,89.86,1080
73.42,1170,nan,89.7,930
73.37,1100,nan,89.7,1020
nan,1070,0,89.67,1010
73.37,1030,65,89.77,1080
73.44,1140,0.6,nan,1050
73.29,940,0,89.65,924
nan,870,0.2,89.7,975
nan,895,nan,nan,935
73.24,930,0,89.85,1100
73.4,1090,0,nan,1020
73.3,950,0,89.61,850
nan,790,0,nan,nan
73.07,740,0,89.69,982
73.11,nan,0,89.58,880
73.1,760,35.4,89.59,865
nan,755,8.1,89.59,865
73.08,750,0,89.45,725
nan,nan,0,89.54,790
nan,795,0,89.58,880
73.1,865,0,89.57,870
73.07,840,0,89.56,820
73.04,820,0,nan,740
72.94,720,0,nan,813
nan,740,0,89.5,830
72.95,725,0,89.46,nan
72.96,nan,0,89.51,795
73.04,785,0,89.21,630
nan,675,0,nan,850
nan,750,2.6,89.56,805
72.89,730,3.2,nan,805
72.94,nan,0,89.62,832
72.95,nan,0,89.7,895
73.01,780,0,89.74,880
72.97,735,1.7,89.73,886
72.95,715,4.7,89.57,nan
nan,nan,0,89.87,1020
73.07,840,0,89.67,810
73.01,805,0,89.83,920
nan,870,0,89.74,nan
73.04,835,0,89.77,860
73.07,860,0,89.63,715
72.79,600,nan,89.62,nan
72.97,735,17.3,nan,1000
73.08,745,4.2,89.83,870
nan,745,0,89.86,905
73.06,730,0,89.83,820
73.01,nan,nan,89.73,730
72.99,670,0,89.72,749
72.94,627,nan,89.71,741
72.95,nan,0,89.95,910
nan,775,0,89.78,nan
72.98,625,0.1,89.6,620
72.87,nan,0,89.8,758
nan,605,0,89.78,740
72.97,615,0,89.65,660
72.92,nan,0,89.78,775
72.97,620,0,89.78,nan
72.96,610,0,89.74,705
72.92,nan,nan,89.68,650
72.91,585,11.5,89.62,nan
72.91,585,0,89.45,540
72.84,520,0,89.42,520
72.83,517,2,89.59,698
nan,530,0,89.61,nan
72.89,545,nan,89.62,650
72.89,nan,0,89.6,640
72.88,500,0,89.63,635
72.93,520,0.1,89.71,635
73.01,nan,0,89.67,602
72.99,nan,0,89.7,656
73,560,0,89.62,nan
72.93,520,0,89.63,600
nan,555,1.1,89.8,802
73.05,620,0.5,89.9,863
73.1,680,0,89.98,908
73.16,740,0,89.88,800
73.13,nan,1,nan,1570
73.84,2180,0.1,90.88,3160
74.16,nan,0.1,91.09,3600
74.32,3460,2.4,91.07,3450
74.3,3400,0,91.2,3640
nan,3760,0,nan,3890
74.48,4100,0,91.41,4200
nan,4100,0,nan,4070
74.48,4020,0,nan,nan
nan,3650,0,91.29,3890
nan,3880,0.1,91.04,nan
74.17,3160,23.4,91.29,4150
74.11,3180,0,90.4,2510
73.98,2540,0,90.38,2470
73.71,nan,4.6,89.68,1360
73.2,900,19.5,89.38,960
72.99,658,nan,89.3,900
nan,575,0.1,nan,650
72.86,530,3,89.13,488
nan,500,0.5,89.12,485
72.88,nan,nan,89.34,720
nan,580,0,89.37,790
72.94,605,nan,nan,nan
72.94,605,0,89.32,698
72.94,605,8.2,89.35,730
72.97,620,19.3,89.47,780
73.03,nan,0,89.43,670
nan,645,nan,nan,nan
72.97,nan,19.8,89.41,730
72.85,nan,0,88.92,360
72.6,375,nan,88.84,350
nan,370,nan,88.78,326
72.5,355,13.3,88.83,380
72.62,395,17.1,89.14,600
72.8,480,0,88.86,425
72.58,375,0,88.85,420
72.58,375,0,nan,nan
72.6,385,0.1,nan,415
72.57,375,0,88.84,nan
nan,376,nan,88.91,460
72.59,380,4.7,88.86,440
nan,365,0.1,nan,305
72.34,320,0,88.65,338
72.4,nan,0.1,nan,416
72.56,372,0,88.82,416
72.58,nan,0.1,88.8,406
72.55,368,0.8,88.8,406
72.55,nan,0.1,88.74,nan
72.51,338,nan,88.77,368
72.52,342,0,88.83,402
72.55,355,0,88.62,310
nan,306,0,nan,343
72.48,322,0.1,nan,321
72.46,312,0,88.58,nan
nan,295,nan,88.78,373
72.57,365,0.3,88.74,354
nan,350,0,88.61,305
72.42,nan,0.1,88.59,290
nan,nan,nan,88.49,260
72.34,276,0,88.29,nan
72.15,nan,nan,88.27,185
nan,220,nan,88.63,293
72.33,nan,1.9,nan,496
72.66,420,0,89.06,540
72.76,475,0,88.91,460
72.66,420,0,89.01,529
72.68,430,0,89.02,515
72.7,nan,0,88.78,nan
72.56,348,0,89.12,550
72.75,440,0,88.98,nan
72.68,410,0,88.92,420
72.67,375,nan,nan,432
72.67,375,0,89.37,nan
72.88,546,nan,nan,nan
72.9,560,0,89.54,795
72.97,606,nan,89.58,805
73.04,730,0,nan,740
72.9,560,0,89.73,920
73.1,700,nan,89.9,1010
73.16,745,0,89.84,976
73.11,800,2.5,nan,925
nan,715,0.7,89.73,905
73,670,7.9,89.77,960
73.02,685,0,89.79,980
73.01,870,0,89.57,830
72.9,790,0,89.73,905
nan,820,0,89.45,725
72.76,nan,nan,89.51,nan
72.81,nan,0,nan,700
72.8,nan,0,89.53,775
72.81,630,6.3,nan,720
72.8,625,nan,89.74,910
72.95,nan,0.5,89.65,855
72.95,740,nan,89.54,780
72.88,684,0,89.59,815
nan,nan,nan,89.5,757
72.88,684,0.1,nan,720
72.85,664,0.5,89.5,nan
72.82,610,1.9,nan,860
72.89,nan,nan,89.64,nan
72.9,705,11.5,89.66,860
nan,666,0,nan,685
72.76,634,0,89.51,705
nan,614,0,nan,nan
72.76,nan,0,89.65,855
72.87,710,0,89.67,866
72.87,710,0,89.66,860
72.87,nan,0.1,89.64,820
nan,710,0,89.79,nan
78.86,689,0,89.64,808
78.84,693,0.1,89.81,755
78.86,nan,0,89.82,762
78.83,695,0,nan,745
78.85,nan,0,89.92,795
nan,682,0,89.59,789
78.82,679,0,89.63,752
78.81,696,0,89.72,nan
78.81,697,nan,89.76,856
78.83,698,0,nan,768
72.74,585,nan,89.58,726
72.79,630,nan,nan,595
72.67,nan,0,89.36,590
72.7,555,2.1,89.52,660
72.81,655,6.3,89.38,nan
72.68,540,1.4,89.47,645
72.71,nan,0.1,nan,640
72.68,560,nan,89.38,631
72.67,555,0,89.21,510
nan,510,nan,89.08,nan
nan,490,0,89.22,515
nan,510,2.3,89.25,560
72.62,nan,0,89.03,nan
72.52,470,nan,nan,525
72.58,545,0,89.27,615
72.63,575,0,89.14,537
72.58,530,0,89.06,nan
72.53,500,0,nan,558
72.53,495,0,89.25,630
72.58,520,0,89.18,590
72.57,515,0.1,89.04,520
72.48,525,0,89,500
nan,450,0,89.22,640
72.54,485,0,89.24,620
nan,495,0,89.02,nan
nan,465,0,nan,615
72.53,480,0,89.07,515
72.48,455,0,nan,565
72.51,475,6,nan,nan
72.52,480,3.2,89.11,535
72.52,480,0,89.27,nan
72.56,505,0,89.07,495
72.5,470,0,89.18,585
72.56,505,0,89.17,nan
nan,520,0,89.33,670
nan,545,0,89.25,nan
72.55,nan,0,89.25,635
72.54,495,0,89.01,nan
72.49,455,0,89.11,555
72.5,470,0,89.16,580
72.56,510,nan,89.16,590
72.57,515,nan,89.11,560
72.55,nan,0,89.08,nan
nan,500,0,89.04,527
72.52,510,0,89.13,600
72.54,525,0,89.13,600
nan,510,0,89.24,645
72.54,525,0,nan,545
72.48,nan,0,89.12,545
nan,500,nan,89.1,535
72.49,490,0,89.02,485
72.44,455,nan,89.15,566
72.5,480,0,89.12,547
72.48,nan,0,89.03,490
72.44,450,0,89.03,nan
72.46,465,0,nan,520
nan,475,0,89.12,545
72.51,500,0,88.99,465
72.49,490,0,88.9,nan
72.44,410,nan,nan,445
72.46,410,0,89.05,580
72.52,430,0,nan,570
72.51,475,nan,88.91,490
72.48,415,0,nan,515
72.47,nan,nan,88.94,470
nan,420,nan,88.92,460
72.45,nan,0,nan,515
72.56,450,nan,89.04,nan
72.56,450,0,89.03,475
nan,450,0,89.01,465
nan,nan,0,88.96,435
72.53,420,nan,89,480
72.5,400,0.9,88.87,402
72.44,400,0,88.75,350
72.44,400,nan,88.97,455
72.54,nan,0,89.12,530
72.56,nan,0,nan,545
72.56,485,nan,88.81,375
72.45,435,0,88.82,365
72.48,415,0,88.78,nan
72.49,nan,0,88.8,360
nan,315,0,nan,nan
72.41,nan,0,88.8,nan
72.46,310,0,88.64,nan
72.39,295,nan,88.71,nan
nan,300,0,nan,395
72.44,nan,0,88.79,392
nan,nan,0,nan,510
nan,370,0,88.99,485
72.54,340,0,89.14,555
72.63,395,nan,89,470
72.61,nan,0,88.97,460
nan,410,0,89.02,495
72.62,nan,0,89.18,570
72.67,nan,nan,89.04,499
72.65,465,0,88.99,475
nan,450,0,nan,470
72.61,nan,0,nan,420
72.61,430,0,nan,400
72.59,420,0,88.86,415
72.6,425,0,nan,nan
72.63,395,nan,88.87,425
72.63,395,0,88.86,420
72.63,395,nan,nan,452
72.63,nan,0,88.99,nan
72.65,405,0,88.97,nan
nan,375,0,nan,475
72.57,355,0,89.08,515
72.61,380,0,89.16,572
72.61,nan,0,89.26,nan
72.67,460,0,89.27,nan
nan,470,0,nan,644
72.73,505,0.1,nan,660
nan,515,0.5,89.34,610
72.74,495,nan,nan,690
nan,550,nan,89.43,655
nan,755,0,89.6,740
nan,nan,0,89.45,835
nan,765,nan,nan,755
73.02,740,nan,89.42,nan
nan,780,nan,89.41,nan
73.05,770,0.1,89.5,925
nan,870,0.1,nan,810
73.06,nan,0,89.44,nan
nan,845,0.9,89.52,980
73.09,nan,1.3,89.56,1020
nan,825,0,89.62,1060
73.11,nan,0,89.61,1030
73.05,880,nan,89.52,970
72.96,810,nan,89.55,nan
73.03,nan,nan,nan,980
73,825,1.1,89.61,1040
73.06,nan,2.4,89.54,975
72.98,nan,0.2,nan,910
72.93,785,0,89.44,917
72.91,765,0,89.31,815
72.84,760,0.1,89.1,650
nan,715,0,89.21,745
72.78,700,0.1,89.19,730
72.77,nan,0.1,nan,690
72.75,nan,0,nan,685
72.7,620,0,89.16,712
72.74,660,nan,89.22,730
72.76,680,0,89.22,730
72.73,nan,0,89.17,685
72.73,600,0,89.15,627
72.73,nan,9.3,nan,678
72.75,nan,0,89.19,660
72.75,nan,0,89.16,680
72.73,680,nan,89.23,nan
72.75,690,0,89.2,710
72.72,nan,0,89.04,nan
72.64,nan,nan,nan,725
nan,625,0,89.3,768
72.76,690,0,89.33,780
72.81,730,3.8,89.31,707
nan,620,nan,89.18,608
72.73,585,0.6,nan,713
72.73,585,0.1,89.29,nan
nan,575,nan,nan,720
72.73,585,0,89.39,nan
72.75,595,0,89.43,760
72.79,615,0,89.43,760
nan,540,0,89.37,715
72.67,550,nan,89.37,715
nan,535,nan,89.37,710
72.65,540,0,89.53,750
72.73,600,0.1,89.56,790
nan,600,0.1,89.67,870
nan,750,nan,89.66,nan
72.93,830,0,89.62,860
72.93,830,0,89.63,864
nan,825,0,89.61,848
nan,820,0,nan,800
72.91,nan,0,89.57,nan
72.93,750,0.2,nan,791
72.9,nan,0,89.55,825
72.91,720,0,89.56,831
72.88,695,0,89.46,nan
nan,620,0,89.52,802
72.78,nan,0,89.58,825
72.88,695,nan,89.66,845
nan,680,0,89.6,739
72.84,655,0,89.65,780
72.85,nan,55.3,89.61,nan
72.82,645,nan,89.67,nan
72.84,770,0,89.62,745
72.81,745,nan,89.46,655
72.71,670,nan,nan,650
nan,535,0,89.52,688
72.71,545,0,nan,623
nan,nan,0,89.23,520
72.62,490,0,89.36,566
72.63,495,0,89.51,650
72.67,525,0,nan,nan
72.64,510,0,89.51,nan
72.67,525,nan,89.39,568
nan,nan,0,89.41,nan
72.66,570,0,89.26,nan
72.6,550,0,89.31,nan
72.61,560,nan,89.22,485
72.59,548,0,89.38,nan
72.6,475,nan,89.24,495
72.54,445,0,89.33,541
72.6,475,nan,89.24,495
72.55,450,0.2,89.38,570
72.62,485,nan,89.42,589
72.65,500,0.7,nan,525
nan,455,0.1,89.41,569
72.62,465,14.5,89.19,457
72.63,475,30.6,89.21,467
72.61,nan,0,89.19,457
72.57,470,0,89.38,552
72.63,520,0,89.52,nan
72.69,nan,0,89.51,620
nan,590,0,89.69,718
72.73,615,0,89.39,559
72.64,nan,6.6,89.17,420
72.53,450,0,89.14,435
72.5,nan,0,nan,425
72.48,385,nan,nan,447
72.51,440,0,89.02,425
nan,420,nan,89.14,450
72.49,420,1.3,89.06,427
72.49,nan,nan,89.13,445
nan,430,0,89.1,436
72.5,nan,nan,89.3,508
72.56,465,nan,89.42,565
72.62,515,0,89.3,nan
72.58,485,nan,89.23,nan
nan,nan,1.6,89.16,430
72.51,nan,0,89.12,420
nan,428,nan,nan,382
72.43,nan,0.1,nan,390
72.44,358,13,89.28,496
72.56,nan,0,nan,390
nan,405,0,89.24,nan
nan,420,0,89.1,nan
72.57,428,0,nan,450
72.6,445,0,89.32,nan
72.62,460,44,89.37,549
72.67,500,0.1,89.4,564
72.68,470,nan,nan,nan
72.68,470,nan,nan,555
nan,470,16.8,89.32,500
72.69,510,0.6,90.33,1660
73.57,nan,1.8,90.73,2300
73.97,2650,nan,91.03,nan
74.2,3120,0,nan,nan
nan,3620,0,91.41,3810
74.46,3960,0,91.33,3730
74.41,nan,0,91.23,nan
74.43,3900,0,91.25,nan
74.44,nan,0,91.21,3780
74.43,3940,4.5,91.26,3880
74.45,3980,0,91.2,4010
74.45,3980,0,nan,3900
74.29,3440,0,nan,3010
nan,3100,nan,90.65,2930
73.98,nan,0,nan,2500
73.6,1910,0,nan,nan
73.26,1160,0.1,89.15,nan
nan,660,12,89.02,nan
72.76,460,0,nan,800
72.92,650,1.2,89.2,623
72.87,590,18.6,nan,550
72.73,460,0.7,88.86,440
72.58,448,32.4,88.91,480
nan,470,nan,88.77,445
72.55,nan,60.5,nan,nan
72.55,420,0.1,88.8,420
72.55,420,0,88.76,401
72.56,425,nan,88.71,380
72.52,395,0,nan,365
nan,nan,nan,88.75,nan
nan,360,0,88.55,nan
nan,290,0.1,nan,nan
72.43,345,nan,88.9,500
72.61,460,0.8,88.6,355
72.38,320,0,88.74,415
72.45,nan,2.7,88.59,373
72.35,305,nan,88.5,335
nan,280,nan,88.86,500
72.49,385,0,88.88,517
nan,475,nan,89.07,600
72.65,505,nan,88.9,520
nan,455,0,88.93,544
72.57,455,0,nan,450
72.48,435,0,88.79,463
72.49,440,8.2,88.77,452
72.45,415,5.5,88.79,480
72.46,420,0.1,88.8,485
72.43,395,nan,88.83,495
72.46,nan,0.2,89.06,615
nan,nan,0,89.01,598
nan,510,0.1,89.14,700
nan,535,nan,89.25,760
72.67,565,0,nan,600
72.63,nan,0,89.05,nan
72.56,490,0,88.78,450
nan,nan,0,88.79,478
72.32,335,0,nan,465
72.27,315,nan,88.62,400
72.22,290,0,88.57,366
72.25,306,38.5,88.88,520
nan,400,0,88.64,386
nan,385,0.1,nan,850
72.77,640,0,89.02,580
72.56,nan,0.1,88.61,nan
72.26,355,nan,88.46,325
72.17,320,nan,88.48,315
72.17,nan,0,nan,nan
72.05,275,0,88.42,300
nan,305,nan,nan,345
72.14,305,0,88.29,255
72,260,0,88.48,nan
72.13,300,35.4,89.12,nan
nan,nan,0,88.72,430
nan,430,0,88.46,350
nan,305,0,nan,460
72.22,335,nan,88.76,470
72.32,385,2.7,88.72,nan
72.27,360,0,89.12,640
72.5,485,0,88.92,570
72.47,470,0,88.95,580
72.5,485,nan,89.09,615
72.55,515,0.1,88.96,550
72.51,490,0.9,nan,625
72.55,490,0,88.95,520
72.49,455,0.1,89.19,655
72.59,510,0.1,88.99,535
72.5,450,nan,nan,625
nan,nan,5.9,89.22,nan
72.64,550,0,89.12,595
72.63,540,nan,89.51,830
72.79,650,2.4,89.58,890
72.79,650,2.5,89.51,835
72.76,nan,3.3,89.5,830
72.77,710,19.6,89.73,970
nan,810,0,89.78,995
72.91,nan,nan,89.78,1040
72.87,920,0,89.84,1100
72.89,940,4,89.86,nan
72.88,930,2.4,89.91,1160
72.86,nan,0,89.68,nan
72.79,820,0,89.77,nan
nan,860,nan,nan,1000
nan,nan,0,90.14,1290
73.09,nan,0,90.19,nan
nan,1350,0,90.09,nan
73.06,1280,0,90.04,nan
73.04,1250,nan,90.23,1400
73.18,1440,0,nan,1360
73.11,1310,0,90.16,1350
73.12,nan,0,90.18,1360
72.99,1100,0.1,89.8,1100
72.83,900,0,89.9,nan
72.83,900,0,89.83,1080
72.76,780,nan,89.83,nan
72.79,985,nan,89.65,860
nan,650,1.8,89.35,610
72.41,500,0,89.8,nan
72.63,nan,nan,89.45,655
72.49,590,0,89.55,753
72.59,720,nan,nan,590
72.39,nan,0,89.35,650
72.51,720,0,89.49,720
nan,710,0,89.15,500
72.37,585,0,89.48,710
72.5,680,0,nan,654
72.46,650,nan,nan,660
72.37,nan,nan,89.22,614
72.48,665,0,89.49,755
72.53,700,0,nan,555
nan,nan,0,89.14,560
nan,580,nan,89.11,nan
nan,630,0,89.38,750
72.56,nan,nan,nan,nan
72.59,700,0,89.34,nan
72.56,670,6.8,89.45,726
72.63,nan,0,89.38,730
72.54,nan,0,89.36,740
nan,730,0,nan,nan
72.59,750,0,89.34,607
72.52,nan,nan,nan,nan
72.57,730,nan,89.05,575
72.34,560,0,nan,570
72.41,600,0,nan,nan
72.37,565,0.1,89.55,800
72.82,950,nan,89.85,1040
72.94,nan,10.4,89.65,930
72.77,910,20.3,89.2,635
nan,695,0,89.19,630
72.48,658,nan,89.19,640
72.47,650,nan,89.06,565
72.39,520,0,89.2,655
72.47,585,0,nan,625
72.41,535,0,89.11,nan
72.38,510,0,89,540
72.32,490,0,88.96,500
72.32,490,nan,88.95,526
72.29,470,0,88.94,495
72.24,450,0,89.16,555
72.32,510,nan,88.92,475
72.21,445,0,88.96,530
72.25,470,0,88.99,500
72.25,nan,0,89,nan
72.27,480,nan,nan,nan
72.3,495,0,89.03,520
72.27,480,0,89,490
72.29,490,0,88.98,nan
72.28,485,0.1,89.05,523
72.27,480,nan,nan,540
72.32,505,0,89.1,545
72.33,515,0,nan,540
72.31,503,nan,89,540
72.25,480,0,88.94,460
72.18,440,nan,88.8,nan
nan,425,0,nan,nan
72.28,500,0,nan,523
nan,470,0,89.06,521
72.27,495,0,89.12,550
72.31,nan,0,89.1,nan
nan,490,0,89.03,455
nan,540,0.9,89.13,nan
72.29,540,0.1,89.03,480
72.28,530,nan,nan,nan
72.17,nan,0,89.2,565
72.34,585,0,88.97,490
nan,470,nan,89.15,555
nan,565,0,89.05,500
72.28,530,0,88.94,465
72.18,445,0,89.17,560
72.27,550,nan,nan,575
72.31,580,0,89.16,nan
nan,570,0,89.26,624
72.35,635,0,89.04,510
72.23,nan,0,89.08,540
72.23,540,nan,89.14,nan
nan,565,0,88.92,nan
nan,485,nan,88.98,nan
72.19,515,0,89.13,585
nan,490,nan,88.94,505
72.19,465,0,89.16,570
nan,455,0,88.79,nan
nan,410,nan,nan,460
nan,400,0,nan,nan
72.12,nan,nan,nan,400
72.11,420,0,nan,405
nan,375,nan,88.78,437
72.18,460,0,88.83,nan
72.13,nan,0,nan,nan
72.11,365,nan,88.93,nan
72.08,355,0,88.74,nan
72.07,350,0,nan,440
72.08,405,0,nan,425
nan,nan,nan,88.72,383
72.05,395,0,89.02,520
72.09,415,0,88.69,385
71.98,370,0,88.72,395
nan,390,0,89.03,520
72.14,nan,0.1,nan,nan
72.03,387,0,nan,393
72.02,nan,nan,88.79,390
72.04,390,0,88.78,387
72.03,nan,nan,88.76,nan
nan,383,0,88.74,370
72.01,nan,0,88.9,470
72.11,424,0,88.9,nan
72.06,400,nan,88.79,418
72.03,387,0,88.77,390
72.03,387,nan,88.8,402
nan,390,0,88.77,390
72.06,nan,0,88.79,nan
72.1,nan,0,nan,374
nan,390,0,88.88,440
72.13,408,0,88.89,445
nan,360,0.1,88.76,nan
72.13,370,1.4,88.86,nan
nan,378,0.1,88.82,nan
72.12,355,0.6,nan,377
72.32,485,3.9,88.74,407
72.27,nan,2.7,nan,414
nan,480,nan,88.75,385
72.27,370,0,88.95,465
nan,390,0.1,88.9,460
72.26,365,0,nan,nan
72.32,405,0,89.01,510
72.31,395,0,89.05,510
nan,405,0,88.98,476
72.29,385,0,88.93,460
72.27,370,0,88.96,472
72.33,410,nan,nan,462
72.29,385,0,88.98,498
72.31,nan,0,89.02,485
72.31,395,0,nan,463
72.49,nan,nan,89.31,630
72.59,615,0,89.41,740
72.59,nan,0.2,nan,735
72.69,695,1.4,89.63,925
72.87,853,nan,89.54,870
72.83,985,0,89.5,nan
nan,930,nan,nan,nan
72.78,875,0.6,89.37,760
nan,875,3.4,89.46,1080
72.77,865,0,89.39,990
72.78,875,0,89.28,920
nan,820,0.1,89.42,1050
72.81,nan,0.1,89.33,970
72.84,950,0,89.22,930
72.8,900,nan,89.47,1080
72.91,1050,0,89.28,890
nan,765,nan,89.23,818
72.72,805,7.4,89.23,nan
nan,840,1.3,89.24,823
72.77,865,0,nan,nan
72.64,705,nan,89.22,785
72.69,765,0.9,89.3,850
nan,865,0,89.13,735
72.7,775,0,89.16,nan
72.73,820,nan,nan,776
72.68,nan,0.9,89.19,800
72.7,775,0,88.9,nan
72.47,550,0,nan,800
72.67,740,0,89.1,nan
72.53,600,0,89.14,770
72.64,710,nan,89.13,770
72.55,615,0,89.07,660
nan,580,0,89.19,740
nan,775,0,89.31,825
72.7,nan,nan,89.13,700
72.58,645,0.1,nan,nan
nan,800,0,nan,730
72.71,690,0,89.34,nan
72.73,705,0,89.2,630
72.73,nan,nan,nan,750
72.7,680,0,89.21,640
72.69,675,0,89.29,nan
nan,nan,nan,89.35,740
nan,712,0,89.31,715
72.7,635,nan,89.19,627
72.67,605,0,89.29,720
72.72,655,nan,89.12,635
72.71,690,0,89.26,nan
72.64,630,nan,nan,595
72.54,470,0,89.27,723
72.72,640,0,89.21,640
72.65,nan,0,89.14,nan
72.6,510,0,89.14,590
72.59,nan,0,89.29,650
72.64,550,5.3,89.19,590
72.66,nan,nan,89.3,670
72.73,650,0,nan,662
72.7,nan,0,nan,565
72.68,545,0,89.2,nan
72.67,535,0,89.38,725
72.74,605,0,nan,638
72.73,nan,nan,89.36,660
72.74,605,0,nan,550
72.74,605,0,89.51,nan
72.89,750,0,89.44,nan
72.79,nan,nan,nan,550
nan,nan,0,89.1,505
72.66,530,0,89.35,640
72.81,635,1.4,89.64,770
72.91,750,1.7,89.29,615
72.76,nan,0,89.62,930
73,750,0,89.49,660
nan,780,0,89.63,765
nan,840,0,89.57,700
nan,nan,0,nan,nan
nan,650,0,89.48,720
72.89,665,0.1,89.53,755
nan,685,0.1,nan,805
72.97,nan,0,89.36,665
72.81,595,0,89.45,710
72.88,730,4.9,nan,850
nan,nan,8.5,89.65,820
73.06,870,nan,89.55,nan
nan,820,0,89.73,1010
73.06,870,0,89.56,nan
72.99,nan,0.6,89.67,840
73.02,830,0.2,89.6,nan
73.01,nan,0,89.48,nan
72.94,755,0,nan,nan
72.84,nan,nan,nan,605
72.87,645,0,89.37,635
72.89,665,4.9,89.17,530
nan,nan,0.5,89.23,605
72.88,655,nan,89.22,610
72.89,nan,0.1,89.17,nan
nan,nan,0,89.03,500
72.82,nan,0,nan,nan
72.88,635,0,nan,614
72.92,nan,0.2,89.14,nan
72.92,595,0,89.09,520
72.89,570,0,89.26,625
72.95,625,0,89.09,510
nan,560,0,89.14,nan
72.87,550,1.5,89.06,515
72.86,540,nan,88.91,nan
72.77,475,0,89.06,490
72.82,nan,0,89.09,nan
nan,540,nan,nan,nan
nan,515,nan,nan,550
72.83,520,0,89.31,708
72.95,615,nan,89.34,700
72.99,650,0,89.32,nan
nan,585,0,89.15,540
nan,530,nan,89.52,750
73.03,650,nan,90.13,1670
nan,nan,0,90.29,2040
73.77,nan,0,90.78,3050
74.08,nan,nan,90.95,nan
74.16,3650,nan,91.02,nan
74.21,3890,0,91,3960
74.26,nan,nan,nan,3970
74.28,3990,0,90.96,3860
74.28,3990,0,90.97,3920
74.36,4030,0,90.99,4030
74.37,4040,0,nan,nan
74.33,3970,0.1,nan,nan
nan,3840,17.2,90.93,nan
74.29,3800,nan,90.62,3100
74.01,3100,0,90.38,2690
73.91,2860,0,90.25,2490
73.82,2580,0,nan,nan
74.36,4150,nan,89.89,2050
73.63,1930,nan,89.66,1820
73.5,1700,32,nan,1750
73.14,1050,0,nan,750
72.79,nan,0.9,89.12,770
73.37,1230,nan,89.44,nan
72.75,600,nan,89.04,630
nan,625,0,89.17,710
72.76,665,0,nan,720
72.71,nan,3.6,nan,525
72.62,485,0,89,500
nan,410,14.4,88.82,380
72.44,nan,0.2,89.03,485
72.72,nan,67.6,89.27,680
72.77,nan,nan,89.18,590
72.72,600,nan,89.09,520
72.67,nan,0,89.11,530
72.67,585,3.2,89.04,nan
nan,nan,0.8,88.99,500
72.58,520,0,89.07,560
72.81,720,0,90.02,1810
73.61,2140,0.8,90.33,2200
73.76,2260,0,90.38,2570
73.94,2900,0,90.48,2740
73.94,2900,nan,90.55,nan
nan,2900,0,90.55,2760
73.88,nan,0.2,90.41,2580
73.87,2730,0.1,90.51,2670
nan,2520,nan,89.96,1750
73.39,1660,0,89.74,1460
72.99,930,4.8,89.31,795
73,1000,0,89.49,nan
72.82,820,0,89.23,590
72.77,670,0,89.22,525
72.76,660,3.9,nan,500
nan,620,0.4,89.14,495
72.7,555,0,nan,560
72.75,nan,0,89.28,630
73.22,1250,24.3,90.29,nan
73.61,2340,nan,90.53,2500
73.88,3160,0,90.48,2610
nan,3100,0,90.53,nan
73.87,3100,0,nan,2670
73.87,nan,0,90.41,2680
73.78,nan,33.3,90.21,2350
73.56,2180,103.3,90.21,nan
73.65,2450,0,nan,2360
73.75,2720,14.7,nan,nan
73.05,1060,0.6,89.37,890
73.01,1010,68.3,89.54,nan
72.98,980,4.3,89.87,1480
nan,1510,1,nan,1750
73.23,1490,0,89.89,1400
73.16,1350,nan,89.81,1250
73.05,1130,0,89.82,1270
72.97,1000,nan,89.63,1050
72.97,1120,0.1,89.64,1060
72.86,980,0,89.43,835
72.8,860,0,89.5,900
72.81,nan,0.5,89.53,nan
72.85,930,nan,89.49,nan
72.83,905,17.9,89.54,975
nan,850,nan,89.53,960
72.85,900,54.8,nan,990
72.95,1040,2.1,nan,1020
73.01,1140,1.1,89.95,nan
73.06,1300,1.2,nan,1050
72.89,950,0,89.68,1060
72.83,880,0,89.66,1040
72.83,925,0,89.5,nan
72.67,730,nan,89.37,775
72.65,nan,0,89.2,640
nan,650,0.1,89.17,620
72.55,620,0.2,89.24,660
72.51,585,0,89.34,730
72.59,645,nan,nan,nan
nan,585,nan,89.1,535
72.48,595,0,89.1,535
72.6,725,0,89.71,1000
72.81,980,nan,89.49,853
72.72,865,1.6,nan,nan
72.62,750,9.4,89,530
72.51,625,nan,89.09,585
72.54,590,0,89.08,580
72.53,570,0,89.22,650
72.85,1000,nan,90.05,1600
73.41,2000,nan,nan,1670
73.31,1670,0,90.05,1670
nan,1490,0.5,89.9,1450
nan,1360,nan,89.76,1250
72.83,1050,0,89.42,835
72.72,770,nan,89.35,790
72.66,710,nan,89.35,790
72.65,700,0,89.62,1020
nan,820,0,nan,742
72.65,645,0,89.53,840
72.74,740,nan,89.47,nan
nan,730,0.1,89.19,610
72.59,580,0.1,89.16,570
72.53,560,nan,89.08,538
72.53,560,0,89.09,542
72.52,552,0,88.94,515
72.48,534,0,nan,525
72.46,nan,0,nan,537
72.48,532,0,89.115,566
72.54,535,0,nan,nan
72.57,nan,0,89.34,685
72.52,nan,0,89.48,775
72.7,nan,0,nan,626
72.53,nan,0,89.19,nan
72.47,530,0,89.13,545
nan,nan,0.1,nan,500
72.5,nan,0,nan,580
72.52,545,0,89.16,577
72.51,540,nan,89.19,590
72.5,560,0,89.15,575
nan,540,0,89.17,565
72.47,nan,0,nan,572
72.47,520,nan,89.24,630
72.5,536,0.7,nan,580
nan,530,nan,89.19,585
72.48,nan,0,89.11,550
nan,nan,0,89.16,nan
72.41,nan,0,88.92,500
72.31,480,nan,88.9,432
nan,475,0,88.98,470
72.33,450,0,89,515
72.35,460,0,88.9,450
72.28,nan,nan,88.89,430
72.28,nan,0,88.89,430
72.28,428,0,nan,nan
72.34,456,0.1,89.01,505
72.36,nan,0,88.98,470
72.38,478,0,88.94,450
72.37,472,0,88.92,470
72.35,462,0,88.81,440
nan,nan,0,88.84,nan
72.33,451,0,nan,nan
72.37,472,0,88.94,490
72.36,nan,nan,88.84,455
72.34,nan,0,88.98,480
72.38,445,0,88.96,470
72.38,nan,0,88.95,nan
nan,445,0,88.94,455
72.35,429,0,88.99,476
72.36,434,0,88.96,460
nan,440,0,88.92,425
72.32,415,nan,88.84,390
72.3,406,nan,88.89,nan
72.35,428,0,nan,415
nan,418,0,88.97,455
72.4,nan,0,89,470
72.38,496,0,88.97,455
nan,456,0,88.77,395
72.26,418,0,88.8,412
nan,422,0,88.92,436
72.32,420,0,88.8,405
nan,414,nan,88.81,nan
72.28,400,0,88.8,392
nan,402,0,88.76,380
72.21,402,0,88.86,410
nan,428,0,nan,376
72.23,408,0,88.71,385
72.24,412,0,88.74,390
72.29,nan,0,88.91,nan
nan,380,0,88.75,400
72.24,nan,nan,88.72,390
72.25,390,nan,88.78,400
72.26,394,nan,88.68,376
72.26,nan,0,88.73,374
72.23,372,0,88.7,nan
72.22,390,0,88.76,390
nan,408,0,88.79,nan
72.28,nan,0,nan,380
nan,414,0,88.98,nan
72.33,399,0,89.06,500
72.41,430,0,89.08,485
72.35,406,0,89.11,nan
72.35,nan,0,nan,535
72.35,474,0,89.1,502
72.31,440,nan,89.06,nan
72.31,440,0,89.05,485
72.3,434,0,nan,380
nan,396,0,88.66,330
nan,384,0,nan,335
72.21,402,nan,88.61,368
72.21,402,0,88.58,365
72.15,386,0,88.58,365
nan,nan,nan,88.65,373
72.24,406,nan,88.67,370
72.26,360,nan,88.61,365
72.28,368,nan,nan,345
72.25,355,0,88.58,nan
nan,nan,0,88.53,350
72.31,374,0,88.56,352
72.32,378,0,88.53,350
72.3,354,nan,nan,362
72.36,383,0,88.61,359
72.36,383,0,88.62,360
72.39,nan,0,88.63,362
nan,351,0,88.58,360
72.37,nan,0,88.61,nan
72.37,351,0,88.63,377
72.4,366,0,88.6,375
72.37,351,nan,88.61,375
72.38,nan,0,88.55,370
72.35,nan,0,88.57,nan
72.34,nan,0,88.56,nan
72.34,318,nan,88.6,362
72.34,318,nan,88.63,364
72.35,nan,0,nan,381
72.35,nan,0,88.64,nan
72.35,323,0,88.66,nan
72.32,311,0,88.66,365
72.31,309,0,88.67,367
72.28,305,nan,88.64,nan
72.24,298,0,88.63,363
72.23,290,0,88.64,nan
72.22,289,1.5,88.64,369
72.25,292,3.6,88.62,366
72.24,288,0,88.63,368
nan,282,0,88.76,385
72.28,nan,0.1,89.02,480
72.4,350,nan,nan,nan
72.35,378,0,89.07,nan
72.32,350,0,89.06,482
72.35,380,0,nan,515
72.34,370,0,89.25,590
nan,nan,0,nan,610
72.5,580,0,89.26,600
nan,588,0,nan,610
72.63,762,0,89.37,725
72.76,830,0,89.27,765
72.69,nan,0,89.29,nan
72.69,770,0,nan,810
72.71,nan,11.8,89.3,845
72.73,830,0.6,89.32,862
72.76,842,4.6,nan,970
72.79,892,0.5,89.33,875
72.8,nan,0,89.29,850
72.77,852,0,89.35,900
72.78,862,0,89.31,850
72.77,852,0,nan,nan
72.79,874,nan,89.24,805
72.78,862,nan,89.22,800
72.75,830,0,89.235,801
72.76,828,nan,nan,nan
72.74,807,0,89.22,767
72.76,828,0,89.2,760
72.75,818,0,89.22,823
72.77,838,0,89.25,nan
72.75,818,nan,89.25,845
72.79,860,nan,89.23,828
72.78,850,0,nan,nan
72.77,838,nan,89.17,800
nan,nan,0,89.21,nan
72.76,828,0.1,89.23,840
72.78,890,0.5,89.24,836
72.79,865,nan,89.28,850
72.78,855,0,89.28,850
72.81,880,0,nan,782
72.78,860,nan,89.16,770
72.73,820,0,89.21,800
72.74,nan,nan,89.18,800
72.73,780,0,89.12,760
72.7,760,nan,89.13,735
72.69,nan,nan,nan,740
72.71,nan,0,89.18,790
72.76,nan,0,nan,700
72.73,750,0,89.15,715
72.69,735,9.5,89.15,750
72.74,767,0,nan,770
72.72,755,0,89.15,758
nan,730,0,89.19,786
72.67,720,0.1,89.22,800
72.68,nan,nan,89.3,798
72.66,715,0,nan,nan
nan,nan,0,nan,750
72.59,695,0,nan,690
72.57,nan,nan,89.25,725
72.58,695,0,89.25,725
72.59,700,0,89.23,nan
72.57,675,0,89.25,nan
72.54,650,0,89.28,685
72.53,640,0,89.24,680
72.51,630,0,89.27,701
nan,623,0,89.27,nan
72.5,660,0,89.28,685
nan,nan,0.1,nan,702
72.53,nan,6.6,89.28,615
nan,nan,0.1,89.34,nan
72.57,700,0,89.39,nan
nan,710,0,89.36,nan
nan,710,0,89.38,763
72.6,715,0.1,nan,613
72.62,nan,1.7,89.35,650
72.59,625,0,89.31,nan
nan,610,0,89.31,630
72.54,600,0,89.31,nan
72.56,620,0,89.31,710
72.55,615,nan,89.32,720
72.58,630,0,nan,705
72.53,610,nan,89.35,740
nan,610,0,89.25,665
72.51,615,nan,89.27,632
72.53,nan,0,89.28,678
72.5,nan,1.7,89.26,666
72.55,635,0.9,nan,695
nan,635,22.7,89.36,695
72.62,675,0,nan,728
72.58,655,0,nan,nan
nan,640,nan,89.11,630
72.5,610,0,88.91,510
72.41,555,nan,88.92,525
72.4,510,0,88.95,nan
72.49,550,0,88.94,535
72.5,nan,0,nan,532
72.46,535,0,88.95,nan
72.56,nan,nan,88.88,495
nan,500,1.7,nan,510
72.54,515,0,88.88,490
72.54,515,0,88.87,480
72.5,490,0,88.88,500
72.5,490,0,88.87,495
72.48,445,nan,88.86,485
72.48,445,0,88.82,478
72.47,nan,0.1,88.82,478
nan,435,0.1,88.78,463
72.46,400,0,88.81,475
nan,395,nan,88.86,485
72.49,nan,0,88.88,494
72.52,430,0,88.91,509
72.51,425,0,88.93,514
nan,495,0,88.92,nan
nan,480,0,88.92,510
72.48,445,0,88.9,500
72.51,470,0.3,88.9,500
72.44,420,0,88.89,495
72.44,420,0.1,88.92,510
72.46,nan,0,nan,515
72.47,420,0,88.89,495
72.44,nan,0,nan,515
nan,400,0,nan,582
72.52,475,0,89.06,550
nan,nan,0,89.02,nan
72.51,465,0,89.06,nan
72.51,465,0.1,89.06,527
72.52,465,0.3,89.03,515
72.53,470,0,89.2,590
72.61,510,0,89.12,553
72.63,530,nan,90.1,2060
73.56,nan,nan,90.47,2920
73.91,3050,4.1,90.95,3700
74.05,3380,0,91.12,nan
74.09,3510,0,91.08,nan
74.14,3620,0,91.05,3930
74.11,3590,0,nan,3970
nan,3680,0.1,nan,3900
74.14,3890,0,90.97,3820
74.17,3940,0,nan,3910
74.13,nan,0,90.7,3450
73.91,3130,0,90.5,3200
73.71,2670,nan,90.61,3250
73.81,2850,0.1,90.65,3400
73.68,nan,nan,90.06,1960
73.77,2830,6.1,89.89,2020
73.32,1950,0.9,90.12,2640
73.11,1570,0,89.26,1160
72.51,580,nan,nan,488
72.31,430,0,88.67,453
nan,395,0,88.74,nan
nan,400,0,88.78,505
72.25,415,0,88.78,505
72.3,nan,0,88.78,492
nan,nan,0,88.8,nan
nan,430,0,nan,nan
72.25,nan,0,88.85,550
72.23,410,0,88.86,nan
72.22,410,0,88.78,478
72.18,385,0,88.72,nan
72.12,374,0,88.7,435
72.13,380,0,nan,467
72.12,nan,0,nan,560
72.28,440,0.1,nan,580
72.3,450,0,nan,nan
nan,485,5,88.92,600
72.32,465,0,88.89,570
72.26,nan,0,89.1,760
72.31,nan,1.3,nan,770
nan,570,18.8,nan,900
72.59,790,0,nan,813
72.47,675,19.1,89.29,840
72.5,700,nan,89.35,880
72.59,805,nan,89.38,nan
nan,780,0,89.09,705
72.28,500,2.8,89.09,nan
72.3,515,nan,89.05,635
72.32,535,0.1,nan,645
72.32,535,0,89.06,660
72.34,525,0,88.76,475
72.16,nan,nan,nan,425
72.12,nan,0.4,88.54,394
72.08,410,0,89.23,770
72.43,nan,0,88.72,455
72.2,500,0,nan,502
72.18,nan,0,88.7,455
72.17,nan,0,88.67,440
72.06,400,0.7,88.88,512
72.19,nan,1.2,88.46,360
72.03,375,0.1,88.52,370
72.07,390,18.6,nan,420
nan,420,32.1,88.67,438
72.21,470,0.2,88.92,nan
72.25,490,0.8,88.68,452
72.16,440,0,88.66,443
72.12,415,nan,88.49,385
72.03,375,0,88.42,nan
nan,nan,0,nan,373
72.03,375,0,88.41,nan
nan,350,0,nan,352
72.06,378,0,nan,352
nan,370,0,88.35,334
72.04,360,0,88.52,380
72.08,380,0,88.36,337
nan,330,nan,88.41,nan
72.01,305,6.9,88.45,360
72.03,320,2.8,88.48,370
nan,335,1.7,88.44,358
72.09,345,10.7,nan,354
nan,335,0,88.41,396
72.11,355,0,88.49,375
72.12,360,0,88.46,366
72.14,nan,19.7,88.62,437
72.24,445,19.7,88.75,nan
72.29,480,25.7,88.84,535
72.48,525,51.1,89.43,840
72.71,nan,28.4,90.14,nan
73.47,2730,0,90.31,2520
73.46,2270,21.2,90.03,1820
nan,1830,1.4,89.59,1300
72.95,nan,5.5,89.96,1900
73.56,2850,0,nan,3120
73.87,3220,0,90.46,nan
73.39,2320,0,nan,1750
73.04,1280,0,89.59,1210
72.88,nan,nan,nan,970
nan,740,0,89.36,908
72.84,1080,nan,89.93,1730
73.08,1710,0.5,nan,1830
73.05,1780,23.2,nan,1910
73.09,nan,0.1,nan,nan
73.11,1900,nan,90.09,1850
73.01,1700,nan,89.86,1510
72.89,1460,0,89.87,1530
72.88,1400,0,89.9,1560
72.91,1460,0,nan,1560
72.91,nan,0,nan,1500
72.87,1380,0,89.84,1480
nan,1470,0,nan,1470
72.87,1380,0,89.79,1410
nan,1340,0.1,89.83,1470
nan,1390,1.2,89.83,1470
nan,1390,0.7,89.78,1400
72.8,1250,6.9,89.56,1100
nan,960,0,89.48,1000
72.61,1080,0,89.39,910
72.55,nan,0,89.39,990
72.55,nan,0,89.4,1010
72.52,nan,0,89.41,1030
72.5,910,0,89.36,980
72.48,880,0,nan,1030
72.48,880,0,89.37,1010
72.47,nan,0,89.4,1030
72.49,900,0.2,89.42,nan
72.57,1020,20.8,89.39,1020
72.55,990,0.5,89.43,1060
nan,975,0,89.36,990
72.54,975,0,89.34,nan
72.53,960,nan,89.35,993
72.58,nan,0,89.29,nan
72.48,890,0,89.31,974
nan,975,0,89.38,1010
72.59,1060,0,89.36,nan
72.55,990,0,89.34,978
nan,975,0,89.34,978
72.53,960,0.1,nan,nan
72.54,975,0.1,89.34,nan
72.53,960,5.6,89.36,980
72.49,nan,nan,nan,1040
72.56,1010,18.4,89.48,1050
nan,nan,nan,89.56,1140
72.57,1020,nan,nan,1080
72.55,995,0,89.51,1060
72.6,nan,0,89.52,1070
72.63,1060,0,89.53,1080
72.62,nan,0,89.53,1090
72.66,1120,0,89.53,1090
nan,1060,0.1,nan,1060
72.63,1060,nan,89.38,nan
72.56,950,13.3,nan,1030
72.64,1080,16.7,89.51,1050
72.67,nan,0,89.44,1010
72.65,1100,0,89.37,1060
72.64,1060,0,nan,nan
72.6,995,3.9,89.29,970
72.57,950,0,89.36,nan
72.62,1030,0,nan,1100
72.65,1070,0,nan,968
72.6,nan,0,89.34,1010
nan,1030,0,89.3,nan
72.57,946,6.7,89.37,1040
72.59,980,15,89.4,1070
72.61,1010,0.1,nan,1160
nan,1060,0,89.44,1060
nan,1060,0,nan,1150
72.7,1160,nan,nan,1050
nan,1140,0,89.5,1030
72.67,nan,6.5,nan,1100
72.69,1140,nan,89.46,1060
72.64,1060,2,89.44,1040
72.62,1030,0,89.46,1060
72.62,1030,0,89.48,1080
72.63,1040,0,89.42,1030
72.65,1070,0,89.39,nan
72.66,nan,0,89.39,nan
72.64,1060,0,89.34,1060
nan,1060,0,nan,nan
72.67,1110,nan,89.45,1180
nan,nan,0,89.66,nan
72.87,1440,0,nan,1230
72.88,nan,0,nan,1330
72.88,1430,nan,nan,1290
72.87,nan,0,89.6,1260
72.9,1430,0,nan,1260
72.87,1390,0,89.6,1300
72.9,1430,0,89.68,1440
72.91,nan,nan,89.6,1360
72.88,1400,nan,89.52,nan
72.84,1340,0,89.53,nan
nan,1290,0,89.6,1350
nan,1310,0,89.72,1470
72.82,1310,0,nan,1350
72.79,1260,0,89.51,nan
72.79,nan,0,89.45,nan
72.69,nan,0,89.58,1330
72.76,nan,nan,89.59,1340
72.69,1110,0,89.25,1000
72.61,nan,0,nan,950
72.58,nan,0,nan,1010
72.58,nan,0,89.25,1020
72.64,1000,0,89.28,1040
72.63,980,0,89.24,1000
nan,960,nan,nan,1000
nan,960,nan,89.2,nan
72.59,930,0,nan,1050
72.61,960,0,89.26,1040
72.61,950,0,89.14,970
72.54,880,0,89.09,920
72.49,830,0,89.15,975
72.49,nan,0.9,89.19,nan
72.47,810,0.1,89.13,960
72.48,820,0.6,89.04,920
nan,820,0.2,89.07,930
72.51,nan,0,89.03,900
72.48,870,0,89.09,nan
nan,840,nan,88.86,nan
72.36,750,0,88.85,650
nan,750,0,nan,650
72.33,720,0,nan,620
72.29,680,0,88.98,740
72.29,nan,0,88.97,690
72.33,670,nan,nan,nan
nan,660,0,nan,640
72.33,670,0,88.98,695
72.34,680,0,88.89,603
72.18,580,0,88.65,400
nan,520,0,88.6,390
72.08,500,0,88.6,nan
72.03,nan,0,nan,nan
72.03,470,nan,88.6,458
72.05,480,nan,88.67,494
nan,480,0,nan,451
nan,nan,0,nan,nan
nan,460,0,88.63,458
72.04,460,0,88.62,452
72.01,nan,0,nan,330
71.95,nan,nan,88.33,323
71.96,315,0,nan,365
72.02,nan,0,88.42,357
72,nan,nan,88.38,342
71.99,330,0,88.41,390
71.96,315,0,88.35,362
nan,315,nan,88.34,360
71.95,310,0,88.35,364
71.94,305,0,nan,340
71.93,nan,0,88.26,313
71.89,280,0,nan,334
nan,285,nan,nan,338
nan,310,nan,88.7,510
72.12,455,0,88.78,542
72.16,495,nan,88.78,532
72.12,nan,0,88.75,519
72.08,nan,0,88.76,524
nan,nan,nan,88.81,551
72.33,670,4.9,89.2,nan
72.54,nan,0.1,89.22,922
72.57,975,0.1,89.34,1030
nan,1100,0.1,89.36,1050
72.71,1140,0,nan,1010
nan,1100,0,89.27,970
72.61,nan,0,nan,990
72.6,1010,nan,89.36,nan
nan,1070,0,89.4,1220
72.68,1070,0,89.39,1110
72.66,1040,nan,89.36,1050
72.66,1040,0,89.32,1030
72.61,990,0,89.33,nan
nan,1030,nan,nan,910
72.57,945,2.9,nan,1080
72.67,1050,nan,89.25,930
72.63,1010,0,89.33,990
72.62,1000,0,nan,nan
nan,1090,0.1,89.28,nan
72.69,nan,0,89.24,nan
nan,1030,6.8,89.26,1010
nan,1110,3.1,89.25,1000
72.72,1090,nan,nan,nan
72.6,960,0,89.16,950
72.59,950,0,89.25,980
72.68,1040,0,89.17,937
72.63,990,0,89.23,975
72.67,1030,nan,89.19,950
72.67,960,0,89.23,980
nan,940,0,89.21,963
72.7,990,0,89.24,990
72.66,nan,0,89.24,1030
72.64,885,nan,89.28,1070
72.76,1000,0,89.25,nan
72.73,970,0,nan,978
72.68,925,0,89.16,950
72.68,nan,0,89.26,1010
72.7,945,0,89.16,950
72.72,960,nan,89.19,973
nan,nan,0.1,89.08,900
72.6,nan,0.1,89.21,996
nan,875,0.1,89.26,1040
72.58,830,2,nan,1050
72.63,nan,0,nan,nan
nan,930,0,89.35,1070
72.58,935,0,89.28,1010
72.54,895,0,89.27,1000
72.57,930,0,89.36,1070
72.66,960,0,89.31,974
72.56,870,0,89.36,1010
72.56,870,nan,89.36,1010
72.59,900,0,89.34,996
72.55,905,0,89.35,1000
72.63,nan,nan,nan,1090
72.7,nan,37.9,89.41,nan
72.69,1050,0.1,nan,1030
72.64,1000,0,89.45,nan
nan,1000,0,89.41,1010
72.56,920,nan,89.41,1010
nan,920,0,89.42,nan
nan,nan,0.1,89.45,nan
72.62,980,0.1,89.49,1060
nan,1040,0,89.47,1050
72.67,1040,0,89.43,1020
72.6,nan,0,89.3,nan
nan,nan,0,89.28,1030
72.43,nan,0,89.19,950
72.39,800,0.1,89.15,865
nan,790,nan,nan,nan
72.41,nan,0,nan,nan
nan,nan,0,89.31,nan
nan,880,0,89.26,915
72.42,830,nan,89.26,nan
72.5,890,0,89.46,1100
72.62,1010,0,89.5,nan
72.78,nan,nan,nan,1190
nan,1160,0,89.45,nan
72.77,1140,0,89.5,nan
72.81,1180,0,89.5,nan
72.82,1150,0,89.56,nan
72.86,1200,0,nan,1340
72.94,1300,0,nan,1300
72.93,1270,nan,89.68,1270
nan,1280,0,89.77,1340
72.98,1320,0,89.72,1300
72.99,1340,0,nan,1430
72.95,nan,nan,nan,1390
nan,1360,0.1,89.62,1390
72.97,1370,0,89.58,1340
nan,1330,0.1,89.59,1350
73.05,1490,0,89.71,1490
73,nan,0,89.67,1440
nan,1530,0,89.59,1350
nan,1500,0,89.6,1500
73.04,nan,0,89.65,nan
73.05,1540,0,89.56,1620
73.07,1580,0,89.67,nan
73.1,1640,0.1,89.52,1580
72.95,1360,0,89.54,1630
73.09,nan,0,89.6,1670
73.06,1670,0,89.68,1740
nan,1660,nan,89.66,nan
73.09,1720,0,nan,1700
73.05,nan,nan,89.62,1660
73.03,1600,nan,89.68,1710
73.03,nan,nan,nan,nan
73.06,1530,0,89.7,1730
73.08,nan,0,89.74,nan
nan,1590,0,89.73,1750
73.08,1570,nan,89.87,1870
73.17,1750,nan,89.76,1780
nan,1830,0,90.14,nan
nan,2420,nan,90.33,nan
73.79,nan,0,90.67,3890
74.01,3700,0,90.73,3980
74.16,4120,0,90.73,4060
74.18,4240,nan,90.8,4240
74.13,4090,1,90.71,3940
nan,3810,0.1,90.72,3970
74.09,3800,0.2,90.75,4030
74.08,3780,4.7,90.76,4130
74.12,4060,0,90.78,4320
74.14,4060,0,90.81,4150
nan,3960,0.1,90.74,3900
73.94,3340,0,90.25,3200
73.64,2560,16.4,89.75,2120
73.01,1480,5.1,90.1,2350
73.8,nan,0,89.95,3040
73.46,2380,73.7,90.12,3100
73.74,3120,4.5,90.01,3240
nan,3010,4.8,89.74,2400
73.51,2480,0.1,89.42,1950
73.07,nan,0,89.37,1890
73.02,1600,0,89.4,1630
nan,1490,57.7,89.06,1150
72.54,nan,0.1,88.98,1030
72.47,1000,0,88.81,900
72.51,1050,0,88.93,990
72.51,1050,0,nan,nan
72.51,950,0,nan,nan
nan,nan,0,88.91,880
72.53,970,0,88.9,874
72.51,970,0.1,88.83,nan
72.46,nan,nan,88.92,890
nan,990,nan,nan,880
72.53,990,0.1,89.68,1820
73.5,nan,14.2,90.27,2560
73.66,2750,0,nan,2740
73.65,2730,17,90.21,2620
73.67,2760,0,90.22,2630
73.76,2750,0,90.22,2630
nan,2760,0,90.26,2670
73.79,nan,0.1,90.16,2570
73.77,2750,0.2,90.05,2640
nan,2530,0,90.11,2720
nan,2690,0,90.11,2740
73.76,2840,nan,nan,2580
nan,nan,8,89.67,2230
73.43,nan,0.1,89.49,nan
72.96,1490,0,89.05,nan
72.66,1040,0,88.94,1150
72.66,1060,nan,89.02,nan
72.54,960,0,89.03,1190
72.51,nan,0.1,88.96,1110
72.55,1080,0,88.82,925
72.44,965,0.1,nan,1170
nan,1010,0.1,89.2,1100
72.46,860,0,89.28,nan
72.55,955,nan,89.38,1140
72.54,950,0,89.44,1180
nan,1000,4.9,89.46,1130
72.62,1060,0,89.35,1080
72.62,nan,63.6,89.56,1170
72.67,1090,1.9,89.48,1060
nan,1050,0,89.63,1100
72.59,1000,0,90.47,nan
73.55,2310,0,nan,3100
74.14,3350,0,90.72,3340
74.16,nan,nan,90.73,3330
74.1,3230,14.7,90.49,2700
73.52,2200,0,89.57,1290
72.85,1110,0,nan,1050
72.88,1030,nan,nan,1390
nan,1050,nan,89.74,1320
72.87,1020,0.1,nan,1360
nan,1250,38.1,89.75,1330
72.85,nan,0,89.7,nan
72.75,1090,0,nan,1240
72.76,1080,nan,89.74,nan
72.72,nan,0,nan,nan
72.65,1000,nan,89.55,1050
nan,1100,0.1,nan,1030
72.56,1110,0,89.53,1090
72.59,1120,0,89.42,1000
72.56,1030,17.7,89.44,1030
72.64,1130,0,89.43,1010
72.62,1100,nan,89.5,nan
72.65,1060,0,89.48,1070
nan,1050,nan,89.49,1080
72.63,1040,0,89.53,1130
72.72,nan,0,89.45,1040
72.62,1030,0,89.42,1010
72.62,1030,1.8,89.4,965
72.58,980,nan,nan,1010
72.6,1080,0.1,89.7,1400
72.92,nan,0,89.8,1550
nan,1690,0,nan,nan
nan,1860,0,89.94,1680
73.15,1670,0.1,89.87,1600
73.1,nan,1.1,nan,1590
73.09,nan,0,89.85,1580
73.05,1610,0,nan,1530
73.18,nan,0,nan,2000
73.52,2090,nan,90.25,2100
73.26,1840,0,89.94,1700
73.33,1910,nan,nan,nan
73.38,1960,0,90.06,1900
73.2,nan,nan,nan,1300
72.79,1370,0.1,89.48,1230
72.77,1290,nan,89.48,1230
72.56,1150,0,89.33,nan
72.54,1140,nan,89.09,nan
72.44,1090,0,nan,1160
nan,1080,0,89.17,930
nan,1030,0,89.08,842
72.31,860,0,nan,935
nan,890,0,89.14,890
72.23,800,nan,88.8,645
72.1,640,0.1,88.82,658
72.13,680,5.4,88.85,nan
72.1,nan,0,88.61,536
71.94,560,0,88.74,611
72.05,630,0,nan,640
nan,650,0,88.61,536
nan,560,2,88.66,nan
71.96,640,1,88.62,540
71.96,640,0,88.61,nan
71.95,620,0,88.6,nan
71.96,nan,nan,88.63,547
72,600,nan,nan,581
72.01,610,0,88.55,550
nan,500,0,88.58,564
71.95,495,1.3,88.55,550
nan,495,nan,88.58,589
71.98,505,0,88.58,589
71.95,480,0,88.58,589
71.96,490,0,nan,560
71.94,480,nan,88.58,nan
71.9,460,0,nan,543
71.88,450,0,nan,543
71.85,445,0,88.49,505
nan,450,0.1,88.51,450
71.85,445,0,88.4,nan
71.81,nan,0,88.56,480
71.87,455,3.9,nan,570
71.94,485,0,88.34,335
71.79,425,0,nan,450
71.84,445,0,88.89,700
72.6,800,0,89.14,1000
72.36,820,nan,88.94,800
nan,nan,0.3,88.71,617
72.07,580,0,88.77,660
72.13,630,nan,88.72,626
nan,585,0,88.77,665
72.09,nan,0,89.08,907
72.54,990,0,89.29,1100
72.65,1060,0,89.34,1150
72.58,1000,nan,88.95,792
72.36,810,0,89.39,1180
72.77,nan,7.5,nan,1450
nan,nan,nan,89.4,1210
nan,1210,0,89.41,1220
72.82,1280,nan,89.43,nan
72.8,1260,0,nan,1240
72.77,1230,0,89.37,1270
nan,1250,nan,89.38,nan
72.82,1340,nan,89.3,1200
72.83,1350,0,89.29,1190
72.86,1390,0,89.31,1410
72.81,1330,0,89.19,nan
72.74,1240,0,89.22,nan
72.74,1240,0,88.99,1130
72.44,890,nan,88.87,950
72.39,830,0,88.87,950
72.37,nan,0,88.92,1010
72.37,825,0,nan,885
nan,820,0,88.9,890
72.32,780,8,88.88,870
72.38,nan,0.1,nan,915
72.37,825,0.1,88.83,nan
72.39,840,0.9,88.82,nan
72.41,860,0,88.82,nan
nan,830,0,88.87,nan
72.42,870,0,88.9,888
72.39,840,0.8,88.85,843
72.33,790,2.1,nan,758
72.28,740,nan,nan,nan
72.28,nan,0,88.67,685
72.3,760,nan,88.7,nan
72.29,750,0,88.72,780
72.29,750,nan,88.72,780
72.25,715,0.3,88.74,748
72.32,780,0.2,88.76,766
72.26,720,1.3,88.8,nan
nan,770,0,88.94,870
nan,890,0,89.15,1060
72.6,nan,0,nan,898
nan,840,0,88.99,903
72.43,760,0,88.9,824
nan,705,0,88.74,696
72.34,735,0,nan,713
72.22,620,0,88.68,616
72.24,640,0,88.8,nan
nan,nan,0,88.73,658
72.17,nan,0,88.74,nan
72.19,590,0.1,nan,702
72.28,680,0,88.79,765
72.26,660,nan,88.69,678
72.18,nan,0,nan,746
nan,630,0,nan,nan
72.27,675,0,nan,780
72.31,708,0.1,nan,715
72.2,600,nan,88.8,766
72.24,640,0,nan,775
72.19,590,0,88.93,800
72.29,685,3.8,nan,735
72.24,640,0.1,88.62,540
72.19,590,0,88.51,nan
72.1,510,0,88.55,515
72.1,510,0,88.61,562
72.13,nan,0,88.61,562
72.08,565,0,88.57,530
72.11,585,nan,88.57,nan
72.11,585,0,88.58,548
72.1,575,nan,nan,nan
72.09,nan,0,88.58,548
72.06,550,0.1,88.56,532
72.07,560,0,88.59,563
72.03,530,0,88.7,nan
nan,nan,4,88.9,900
72.29,nan,0.1,nan,745
72.32,770,2.5,88.88,725
72.33,780,0,nan,690
nan,800,0,88.91,nan
72.44,nan,nan,88.92,nan
72.45,910,0,nan,690
nan,810,0,88.75,680
72.35,760,nan,nan,nan
nan,nan,0.3,88.83,nan
72.42,875,0,88.81,750
72.36,810,nan,88.77,750
72.39,845,0,88.74,725
72.42,875,0,nan,765
72.46,860,0,88.69,710
72.42,815,0,88.58,625
72.39,780,0,88.57,620
72.39,780,0,88.48,580
nan,750,0,88.52,600
72.38,nan,0,nan,700
nan,nan,0,88.67,810
72.41,835,nan,88.62,760
72.36,nan,0,nan,750
nan,715,0,88.65,760
nan,720,nan,88.59,690
nan,650,0,88.58,nan
72.33,680,0,88.49,660
72.27,nan,0,nan,785
72.37,760,0,nan,nan
72.33,720,0,88.62,765
72.38,nan,0,88.56,750
72.31,662,0,88.65,800
nan,725,0,88.68,820
72.46,800,nan,88.87,nan
72.59,935,0,88.85,915
nan,761,0.8,88.91,942
72.52,860,0.5,nan,942
nan,nan,nan,88.85,903
nan,789,0,88.89,930
72.46,800,0,89,1000
72.52,nan,0,88.95,972
72.56,1030,0.1,88.9,925
72.51,nan,0.1,88.93,945
nan,955,0,89,993
72.5,nan,0,nan,947
72.4,855,0,89.04,995
72.45,910,0,88.93,921
72.36,nan,0,88.97,nan
72.51,975,0,89.1,1050
72.53,nan,0.1,89.15,1100
72.6,1080,nan,nan,1070
nan,1050,1.4,89.11,1060
nan,1060,0,nan,1080
nan,nan,0,89.18,1130
72.54,1010,0,89.06,1030
nan,990,0.3,89.07,1040
nan,990,0,89.14,1110
nan,1080,0.1,89.12,1100
72.55,1060,nan,89.09,1070
nan,nan,0.1,nan,1080
72.57,1080,0,nan,1060
72.54,1040,nan,89.07,1060
72.56,1070,0,nan,1020
72.58,nan,0,89.02,1010
72.57,1080,0,nan,1150
72.55,1060,nan,89.03,nan
72.52,1020,0,nan,1180
72.54,1040,0,89.06,1210
72.58,nan,0,89.07,1220
nan,1120,0,nan,nan
72.59,1070,0,nan,1200
72.6,1080,0,89.09,1240
72.58,1060,0,89.07,1220
72.59,1070,0,nan,1220
72.52,1050,0,89.15,1300
nan,1120,9.6,nan,1250
nan,1180,1.3,89.1,1250
72.65,1150,0,nan,1260
nan,nan,nan,88.98,1150
72.5,1030,nan,89,1180
72.58,nan,nan,88.92,1100
72.51,1040,0,89.02,nan
72.58,1090,0,89.02,1200
72.62,1130,nan,89.06,1240
72.63,1140,nan,89.1,1280
72.62,1120,0,89.08,1230
nan,nan,0,89.06,1140
72.57,1090,0,89.09,1170
72.53,990,0,89.06,1140
72.49,958,0,88.73,860
72.34,880,nan,88.86,nan
72.36,750,0,88.74,810
nan,nan,0.4,88.82,880
72.33,720,3.1,88.84,nan
nan,700,12.9,88.81,nan
72.32,710,0,88.82,815
72.33,685,nan,88.82,815
72.27,620,0,nan,826
72.28,630,0,nan,838
72.27,620,0,88.9,910
nan,640,nan,88.92,962
72.33,720,0,88.93,950
72.33,720,0,nan,905
72.27,655,0,88.89,858
72.34,730,9.1,88.91,nan
nan,630,0,88.89,858
nan,640,0,nan,858
nan,535,nan,88.88,810
nan,715,0,nan,855
72.27,750,0,88.82,750
72.2,690,0.7,88.78,705
nan,630,17,88.69,nan
72.16,635,60.7,88.73,677
nan,nan,0.2,88.83,762
72.28,755,0.5,88.81,748
72.21,nan,1.7,88.67,nan
nan,655,0,88.68,699
72.18,645,0.1,88.64,667
72.19,655,0,88.76,772
72.19,655,0,88.74,750
72.23,650,0,89.13,1070
72.45,910,nan,89.19,nan
72.56,980,0,nan,1050
72.45,855,0,89.36,1190
72.68,1100,0,89.38,1190
72.72,1120,0,89.6,1340
72.87,nan,nan,89.6,1360
72.82,1280,6.4,89.57,1330
72.87,1360,nan,89.6,1360
72.87,1360,nan,nan,1430
72.91,1400,0,nan,1390
72.86,1330,0,89.57,1350
72.82,1280,0,89.56,1340
nan,1360,0,nan,nan
72.96,1480,0,89.71,nan
nan,1490,0,89.75,nan
73.15,1790,0,89.93,nan
73.28,1940,0,89.94,nan
73.36,2160,0,90.14,nan
nan,2620,0.1,90.3,2900
73.87,nan,0,90.53,3940
74.22,3750,nan,nan,4100
74.28,3950,0.1,nan,4040
74.19,3760,nan,90.56,3980
74.2,nan,0.1,90.57,4010
74.16,3880,0,90.58,3930
nan,3740,0,90.6,3950
74.14,3630,0.1,90.59,nan
74.1,3680,3.5,90.59,3720
nan,3560,35.5,nan,3610
74.01,nan,3.4,90.48,3400
nan,3460,17,90.41,3310
nan,3100,0,89.89,2510
nan,2820,0,90.15,3410
73.73,3180,nan,90.22,3380
73.88,3420,nan,90.3,3560
nan,2760,nan,89.14,1470
nan,880,nan,88.46,670
72.13,nan,0,88.33,685
72.2,770,0.1,88.4,720
72.25,790,5.8,88.39,710
72.22,760,0.1,88.43,762
72.25,790,3.6,88.27,660
72.16,700,1.6,88.31,690
nan,705,0,88.5,789
72.51,1050,2.5,88.63,892
nan,980,16.4,88.79,nan
nan,1240,0.1,nan,1730
73.2,2140,0,89.6,2570
73.32,2480,0.2,nan,2800
nan,2820,1.9,nan,nan
73.89,3280,0,90.43,nan
74.1,3600,0,90.54,3660
74.2,3600,0,90.61,nan
74.24,3880,0,90.66,3810
74.26,3980,0,90.57,3730
74.08,3600,0,90.36,nan
73.93,3350,0,90.17,3110
73.57,2620,nan,89.73,2530
73.45,2440,nan,nan,2640
73.48,2640,0,nan,2650
73.47,2620,nan,89.93,2600
73.48,2640,0,89.96,2640
73.47,2620,0,89.86,2490
73.21,2240,nan,89.55,2100
nan,1520,0,89.64,1950
nan,1520,0.1,89.55,1800
72.84,1340,0.8,89.5,1700
72.78,nan,nan,89.51,1630
72.78,1260,0,89.55,1690
72.71,1160,0.8,89.54,1680
nan,1600,0,89.51,1630
72.89,1550,nan,89.54,1680
72.91,1650,0,nan,1700
72.7,1380,0,89.22,1240
72.38,nan,0,89.1,998
72.23,1000,nan,88.95,820
72.07,nan,0,88.9,nan
72.06,820,0,nan,740
72.05,810,0,88.88,710
72,nan,0,88.79,nan
71.88,680,0,88.76,nan
71.85,660,1.2,88.72,492
71.84,650,3.3,88.86,650
72.02,790,nan,88.91,710
72.06,nan,nan,88.92,750
72.1,860,0,nan,690
72.03,790,0,88.86,690
72.03,790,nan,nan,710
72.02,780,0,nan,565
71.84,525,0,88.74,600
71.83,545,0,88.65,487
nan,nan,0,nan,nan
nan,525,0,88.65,487
71.81,nan,nan,nan,475
71.85,nan,0,nan,505
71.84,550,0,88.66,505
nan,545,nan,88.65,492
nan,545,4.3,nan,485
71.84,550,0,88.64,497
nan,538,0,88.64,500
71.84,550,0,88.62,478
71.84,550,0,88.65,nan
71.89,580,0,88.66,519
71.9,585,0,88.61,469
71.9,585,0,88.66,nan
71.92,610,0,88.65,510
71.92,nan,0,nan,nan
71.92,540,0,88.62,nan
nan,550,0,88.64,500
71.94,555,0,nan,500
nan,555,0,nan,489
71.93,550,0.2,88.64,552
71.91,nan,0.1,88.63,nan
71.91,540,0,nan,513
71.91,540,0,88.61,513
71.9,530,0,88.59,510
71.92,545,nan,88.6,nan
71.91,nan,0,88.6,530
71.89,520,0,88.57,502
71.89,nan,0,88.56,nan
71.88,515,0,88.56,495
nan,520,0,88.55,483
71.9,nan,0,nan,495
nan,540,0,88.65,565
72.02,630,0,nan,545
72.06,660,0,88.63,nan
72.04,nan,0,88.62,nan
72.04,645,0,88.66,600
nan,650,0,88.74,700
nan,703,0,88.75,nan
nan,727,0,88.83,nan
72.21,nan,0,88.82,785
72.21,785,2.6,nan,nan
72.21,785,0.1,88.87,nan
72.26,825,0,nan,880
72.27,835,0,89.05,nan
72.57,1060,0,nan,990
72.48,1020,0,nan,1040
72.48,1020,nan,89.05,1010
72.46,990,0,89.06,980
72.46,990,0,89.11,1030
72.39,940,0,88.94,nan
72.3,880,0,88.76,685
72.19,760,0,nan,795
nan,740,0,nan,698
72.25,nan,nan,88.77,nan
72.24,760,0,88.8,717
72.21,730,0,88.74,660
72.21,730,7,nan,670
72.23,750,7.5,88.79,706
72.23,750,3,nan,nan
nan,635,0,88.63,nan
72.03,575,0,88.58,530
72,550,0,88.53,495
71.99,540,0.5,88.53,495
71.99,540,nan,nan,540
72.01,555,0,88.57,nan
72,550,3.6,88.54,nan
71.96,515,3.5,88.52,518
71.96,515,2.8,88.56,548
71.96,540,0,nan,532
71.97,550,0,nan,557
72.02,575,0,88.55,nan
72.02,575,0,nan,496
71.98,555,0,88.4,470
71.95,500,0,88.45,nan
71.93,490,0,88.53,542
71.93,490,0,88.38,478
71.95,nan,0,nan,460
71.93,490,0,88.39,nan
71.93,477,0,nan,460
71.9,459,0,88.32,nan
71.9,nan,8.4,88.31,nan
71.91,465,13,88.31,452
71.91,465,0,88.32,455
71.91,454,0,nan,445
71.87,433,0,88.34,460
71.81,415,nan,88.25,430
71.81,415,0,nan,nan
71.81,415,nan,88.28,434
71.78,nan,0,88.3,nan
71.77,nan,0,88.3,441
71.77,400,nan,88.32,477
71.76,nan,0,88.36,nan
71.76,395,0,88.39,502
71.77,490,nan,88.38,nan
71.79,500,0,nan,502
71.79,500,0,88.36,490
71.78,495,0,88.37,nan
71.77,485,nan,nan,nan
71.81,495,0,88.34,468
71.84,520,0,88.31,470
nan,495,0,88.36,484
71.84,nan,0,88.37,nan
nan,510,nan,88.36,478
71.81,495,0,88.36,478
71.83,510,0,88.36,478
71.84,nan,0,88.36,478
71.85,525,0,88.4,494
71.87,nan,nan,88.38,485
nan,470,nan,88.38,485
71.89,475,0,88.41,464
71.9,480,0,nan,nan
nan,nan,0,88.37,445
71.91,484,nan,88.37,445
nan,470,0,88.37,445
71.95,475,nan,88.33,430
71.93,465,0,nan,460
71.94,470,0,88.3,460
71.94,470,0,88.28,450
nan,nan,nan,88.28,450
71.9,nan,0,nan,448
nan,430,0,nan,450
71.9,440,0,88.23,nan
71.83,410,0,88.15,415
71.82,nan,0,88.14,412
71.81,395,0,88.14,429
71.83,nan,0,88.12,nan
71.81,395,nan,88.19,436
71.84,415,0,88.01,400
71.81,395,0,88.03,399
71.74,352,0,88.05,402
71.74,nan,0,nan,404
71.72,343,0,88.1,395
71.72,343,nan,88.04,nan
nan,339,0,88.01,350
71.71,339,0,88,nan
71.71,339,0,88.02,nan
nan,339,0,88.01,nan
71.67,nan,0,88.02,330
71.64,nan,0,87.88,217
71.52,280,0,87.85,200
71.45,nan,0,87.86,220
nan,248,0,nan,220
71.43,240,0,87.86,220
71.42,236,0,87.85,nan
71.4,228,nan,nan,250
71.4,235,0,87.88,255
71.4,nan,0,nan,250
71.4,235,0,88.13,295
71.49,nan,0,88.18,317
71.58,281,0.2,88.11,300
71.61,292,0,nan,314
71.61,292,0,88.19,320
71.59,285,0,88.18,307
nan,285,0.1,nan,325
71.63,300,7.1,88.19,310
71.69,325,6.7,88.17,328
71.67,317,nan,88.19,333
71.7,nan,nan,88.19,333
71.66,312,nan,88.17,323
nan,330,0,88.15,317
71.65,308,0,88.39,nan
71.8,378,0,88.44,395
71.87,416,0,88.42,389
71.89,nan,0,88.42,389
71.88,408,0,nan,nan
nan,414,0,88.41,nan
71.91,420,nan,88.58,500
72.06,510,2.1,nan,520
72.1,525,0,88.63,540
72.1,525,0,88.65,550
72.11,nan,0,nan,535
72.02,480,0,nan,545
72.11,530,0,88.95,nan
72.26,640,0,88.92,nan
72.23,nan,0.1,88.86,nan
72.15,575,0.2,88.88,760
72.19,600,0,88.9,810
72.16,750,1.5,88.84,765
72.16,750,nan,88.83,845
72.15,735,0,nan,900
72.26,825,0,89.09,1130
72.47,1100,nan,88.91,nan
72.43,nan,0.1,88.92,nan
72.45,1090,0,nan,nan
nan,1120,0,88.91,1070
72.45,1120,0,89.03,1180
nan,nan,0,89.15,1300
72.69,1480,0,nan,1540
72.66,nan,0,89.05,1250
72.55,1280,0.1,89.08,1300
72.64,1400,0,nan,1340
nan,1420,0,89.14,nan
72.68,nan,0,nan,1380
nan,1410,0,89.1,1340
72.64,1350,nan,89.15,nan
72.65,1360,0.1,89.18,nan
72.67,1390,6.9,nan,1440
72.66,1380,0,89.24,1570
72.6,nan,0,89.16,1340
72.56,nan,nan,nan,1400
72.57,nan,0.2,89.23,nan
72.53,1290,0,89.23,nan
72.55,1310,0,89.31,1270
72.55,1290,0,89.25,1200
72.53,nan,0,89.28,1230
72.55,1290,0,nan,nan
72.54,1280,0,nan,1160
72.49,1220,0,89.29,1190
72.48,1210,nan,89.27,1160
72.48,1210,0,89.26,1160
nan,1210,0,nan,nan
72.41,nan,0,89.16,1140
72.35,1080,0,89.1,1020
72.28,1000,0,89.09,955
72.29,1010,0,89.14,nan
72.28,1000,0,89.2,1080
72.28,nan,0,89.12,970
72.29,nan,0,89.12,nan
72.28,1000,0,89.16,1040
nan,1000,8.2,89.15,1030
72.31,1040,2.3,nan,nan
72.25,970,0,89.07,nan
72.23,947,0,89.07,900
72.21,925,nan,89.05,nan
72.21,925,0.7,89.07,920
72.21,925,1.2,89.06,908
72.15,870,10.5,88.82,670
nan,775,13.5,89.16,1030
72.17,880,nan,nan,890
72.18,940,0,89.21,1080
72.28,1030,0,89.02,880
72.18,940,0,89.02,nan
72.19,950,0,nan,nan
72.15,898,16.1,89,850
72.17,917,0.8,89.01,850
72.16,908,nan,89.02,nan
72.15,898,0,89.11,970
nan,898,0,89.12,nan
72.15,915,0,89.09,925
72.13,890,nan,89.2,1030
nan,945,0,89.07,890
72.11,870,0,89.15,975
72.15,905,nan,89.14,nan
nan,870,0,nan,870
72.13,nan,0,89.04,824
72.06,815,0,89.12,890
72.11,nan,nan,89.12,890
72.1,nan,0,89.15,nan
72.11,860,18,nan,940
72.13,880,3.9,nan,970
72.17,915,0,89.2,960
72.14,890,0.2,89.2,960
72.15,nan,0.1,88.95,755
72.04,800,0,88.81,685
71.94,nan,0,88.83,716
71.98,730,0,nan,635
71.86,635,0,88.65,670
71.88,555,0,nan,640
71.85,535,0,88.78,nan
nan,630,0,88.8,719
72,nan,0,88.8,719
72.01,670,0,88.76,700
nan,610,23.9,nan,730
nan,625,0,nan,nan
72.09,nan,0,88.8,684
nan,635,nan,nan,702
72.09,655,0,89,740
72.17,nan,0,88.97,728
72.15,700,0,88.9,706
72.09,655,0.1,nan,712
72.14,695,5.2,88.87,692
72.1,660,0,88.96,nan
72.11,670,0,88.94,750
72.15,700,0,nan,740
nan,670,0,88.93,713
72.1,nan,nan,nan,710
nan,640,0,88.9,705
72.07,nan,0,88.93,713
72.06,630,0,88.93,713
nan,nan,nan,88.91,nan
72.04,nan,0,nan,710
72.02,630,nan,88.87,nan
71.96,580,0,89.22,1100
72.15,nan,0.1,89.24,915
72.19,850,0.1,89.19,880
72.13,790,0.1,89.23,910
72.14,800,nan,89.25,890
72.14,800,0,nan,880
72.11,770,9.4,89.16,nan
72.08,740,nan,89.2,nan
72.14,800,0,89.16,910
72.15,810,0,89.22,941
72.3,950,0,89.57,1370
72.49,1110,0,89.57,nan
72.5,1120,nan,nan,1250
72.42,1070,0,89.64,1380
nan,1190,0,89.72,1470
72.57,1350,nan,89.71,1460
nan,1300,0.7,89.63,1380
72.49,1260,0,89.64,1390
72.83,1760,0,90.58,2800
73.67,3020,0,90.6,3430
73.86,3850,nan,90.59,3930
nan,3690,0.1,90.5,3660
73.83,3460,0,90.46,3550
73.27,2350,0,nan,2220
73.26,2330,0,nan,nan
73.33,nan,0,90.18,2630
73.21,2500,0,90.07,2350
72.72,nan,1.8,89.57,nan
nan,1140,0,88.94,800
72.05,780,0.6,88.65,nan
71.85,540,0,88.51,nan
71.75,510,0,88.44,530
71.74,505,0,nan,nan
71.76,516,0,88.45,532
71.75,510,0,88.4,512
71.71,480,0.1,nan,nan
71.74,nan,25.7,nan,452
71.68,462,0,88.4,nan
71.71,480,0,88.4,505
71.69,467,0,88.31,460
71.63,432,0,88.22,380
71.61,nan,0,88.02,nan
nan,340,0,88.39,nan
71.56,388,0,88.41,nan
71.65,445,0,88.34,503
71.63,432,0,nan,524
71.62,426,13.5,88.34,464
71.66,451,nan,88.55,nan
71.71,485,0,88.57,592
nan,490,0,88.52,570
71.7,480,nan,nan,600
71.71,485,0,88.6,612
71.69,470,0,88.52,563
nan,nan,0,nan,450
71.58,400,3.2,88.33,455
71.52,365,23,88.4,490
nan,400,nan,88.39,484
71.62,425,nan,88.36,470
71.63,485,0,88.42,nan
71.62,nan,0,88.36,nan
71.59,463,nan,88.33,480
nan,457,0,88.31,470
71.53,430,0,nan,nan
71.53,430,0,88.34,nan
71.53,nan,0,88.35,495
nan,400,nan,88.4,525
71.57,455,nan,88.42,540
71.56,nan,nan,88.36,503
71.59,nan,0,88.38,518
71.56,450,0,88.41,nan
71.58,460,0,88.36,nan
71.58,460,nan,88.28,460
nan,420,nan,nan,nan
71.47,nan,nan,88.2,nan
71.46,403,nan,88.22,440
71.48,413,0,nan,345
71.35,358,0,88.01,378
71.25,315,0,87.98,368
71.3,333,15.2,87.97,nan
71.3,333,nan,88.07,nan
71.3,333,2.6,88.07,395
71.35,nan,0.8,87.92,352
nan,nan,0,88,372
71.26,330,0,nan,nan
nan,nan,0,nan,372
71.2,290,0,88.01,376
nan,273,0.8,nan,315
71.17,nan,0.1,87.88,310
71.15,nan,4.7,87.86,307
71.13,260,0,87.87,308
71.13,260,2.3,87.85,313
71.12,255,2.8,87.89,318
71.13,260,0.1,87.91,323
71.15,280,nan,87.92,nan
71.22,305,nan,nan,nan
71.36,nan,25,88.96,nan
72.26,nan,40.3,89.19,1110
72.35,nan,5.6,nan,1130
72.37,1130,0,89.18,1070
nan,nan,0,89.07,985
72.15,940,0,88.93,885
72,835,0,88.64,690
71.8,nan,0,nan,nan
71.61,555,0,88.2,443
71.54,nan,0,88.03,380
71.46,nan,0,87.89,345
71.37,365,7.8,88.25,465
71.61,490,37.8,88.4,540
71.72,540,0.1,88.42,550
71.77,530,nan,88.34,507
71.78,nan,0.1,88.41,545
71.77,495,0,88.43,nan
71.81,517,0,88.36,520
nan,490,0,88.35,515
71.77,nan,0,88.43,555
71.78,500,nan,88.38,510
71.79,506,0,88.36,500
71.8,512,0,88.34,495
71.77,495,0,nan,490
71.74,480,0,88.37,505
nan,480,0,88.33,nan
71.68,447,0,nan,488
71.68,447,0,88.22,450
nan,405,0,88.18,465
71.6,405,0,88.14,448
71.52,363,0,88.07,417
71.48,340,0,88.1,nan
71.47,410,0,88.07,nan
71.53,nan,8.7,88.15,nan
71.5,425,nan,88.11,422
71.54,445,0.5,88.09,410
71.48,415,0,nan,nan
71.5,nan,nan,88.05,394
nan,415,0,88.06,400
71.49,nan,0,87.99,nan
71.43,393,0,nan,400
71.44,397,nan,nan,406
nan,415,0.1,88.04,387
71.46,405,0.4,88.12,nan
nan,410,0,88.38,530
71.61,480,nan,88.56,610
71.79,645,0.1,88.5,579
71.77,632,nan,88.46,560
71.73,nan,0,nan,545
nan,505,nan,88.45,571
71.65,500,nan,88.38,535
nan,nan,0,88.36,525
71.61,500,0,nan,515
71.59,490,0,88.43,nan
71.6,495,0,88.42,573
71.62,505,0,nan,585
71.62,505,0,88.41,568
71.62,505,0,88.48,585
71.68,545,0,88.4,nan
nan,495,nan,88.4,nan
71.59,495,0.8,88.33,nan
71.57,nan,0,nan,580
71.6,502,nan,88.49,595
71.62,515,0,88.48,585
71.62,515,0,88.46,555
71.6,502,0,88.51,580
71.59,495,nan,88.5,575
71.59,495,0.1,88.53,595
nan,530,12,nan,nan
71.57,485,nan,88.5,nan
nan,520,0,88.49,nan
71.61,622,0,88.54,640
71.63,630,4.4,88.46,605
71.57,nan,0.1,88.38,565
71.53,572,4.3,88.42,585
71.54,590,0.1,88.48,618
nan,595,0,88.49,624
71.57,603,0,88.43,595
71.55,590,0,88.56,656
71.59,615,0,nan,656
nan,635,0,88.66,705
nan,685,0,nan,725
71.73,nan,nan,88.61,680
71.68,658,0,88.61,680
71.66,645,0,88.62,684
71.7,670,0.4,nan,620
71.63,630,0,nan,594
nan,nan,0,88.46,603
71.63,nan,0,88.5,653
71.63,640,nan,88.51,657
71.65,650,0,88.43,625
71.64,645,nan,88.43,nan
71.68,nan,nan,nan,650
71.66,nan,0,88.46,nan
71.67,660,0,nan,650
71.65,650,0,88.43,nan
nan,655,0,88.44,nan
71.66,655,0,88.46,638
nan,642,0,88.44,nan
71.64,610,0,88.51,658
71.66,nan,nan,88.41,620
71.63,603,nan,88.39,nan
71.62,597,0,88.31,575
71.58,575,0,nan,565
nan,565,0,88.33,555
nan,570,nan,nan,535
71.59,nan,0,88.25,520
71.6,575,0,88.23,nan
71.59,nan,nan,88.19,527
71.54,520,0,88.16,515
71.47,478,0,88.16,515
71.45,465,0.1,nan,485
71.45,490,0,88.09,460
71.44,nan,0,nan,475
71.47,500,0,nan,487
71.5,520,0,nan,523
71.55,550,0,88.21,506
71.54,507,0,88.2,nan
71.5,480,0,88.17,nan
71.49,475,0,88.2,497
71.52,495,0,88.16,485
71.53,nan,nan,nan,485
nan,515,0,88.24,515
71.61,556,nan,88.24,527
nan,nan,0,nan,515
71.51,485,0,88.24,527
71.5,475,nan,88.29,546
71.62,nan,nan,88.32,559
71.67,596,0,88.08,465
71.51,486,0,88.2,500
71.58,535,1.5,88.1,460
71.58,490,3.8,88.12,467
71.55,465,0,88.23,525
71.58,nan,nan,88.26,540
71.62,515,3.9,88.21,515
71.6,505,1,88.14,480
71.53,455,0,nan,nan
71.5,nan,nan,88.06,440
71.48,430,nan,nan,422
71.49,nan,0,88,412
71.42,nan,0,87.94,400
71.39,nan,nan,87.87,383
71.29,310,0,87.88,386
nan,555,0,88.77,800
72.01,840,0,nan,720
71.74,628,0,88.38,710
71.78,665,0,88.38,710
71.78,720,0,nan,nan
71.86,788,0,nan,764
71.82,nan,0,88.53,810
nan,770,0,88.57,nan
71.83,nan,0.1,88.67,920
71.89,815,nan,88.65,905
71.89,815,0,88.64,900
71.86,788,0,88.65,905
nan,765,0,88.67,920
71.9,830,0.1,88.62,880
71.79,735,0.3,88.37,695
71.65,nan,0.1,88.5,785
71.76,710,0,nan,870
71.87,805,0.1,nan,920
71.95,nan,0,88.68,930
71.9,nan,0,88.72,960
71.9,nan,0,88.71,nan
nan,810,0.1,88.79,nan
71.99,925,0.1,88.73,nan
71.95,890,nan,88.7,875
71.96,nan,0,88.7,875
nan,895,0,88.9,1150
72.13,1100,0,nan,1170
72.11,1080,0,nan,1180
72.19,1170,0,88.82,1080
72.13,1100,0,88.9,1150
72.18,1160,0,88.91,1170
72.17,1150,nan,88.86,nan
nan,1180,0,88.85,1180
72.19,1170,0,nan,nan
72.19,1170,nan,88.92,1270
72.16,1140,0,88.81,1170
nan,1170,0,88.91,nan
72.19,nan,0,88.78,1190
72.19,1170,0,nan,1310
72.27,1260,2.4,88.93,nan
nan,1230,2.4,88.88,1280
72.23,1220,0.1,88.83,nan
72.23,1220,0,88.88,1280
nan,1220,nan,88.87,1190
72.19,1170,0,88.88,1200
72.15,1120,1.1,88.94,nan
72.19,nan,0,88.94,nan
72.25,1240,0,88.88,1200
72.19,1170,0.6,88.93,1250
72.24,1230,0,88.97,1240
72.19,1170,nan,88.98,1250
72.18,1160,0,88.99,nan
72.19,1170,nan,nan,1330
72.16,1230,nan,89.02,1310
nan,nan,19.2,88.99,nan
nan,1360,25.4,89.06,1350
72.26,1350,nan,88.97,1250
nan,1270,3.9,89,1340
nan,1290,0.1,nan,1330
72.18,1250,0,nan,1300
72.22,nan,nan,89.02,1360
72.24,nan,0,89.02,1350
nan,nan,0,89,1330
72.22,nan,0,88.95,1200
72.19,1260,0,89.06,1310
72.19,1260,0.1,88.94,1190
72.16,nan,0,89,1250
nan,1210,0,88.93,1180
72.13,1190,0,88.9,1080
72.08,1130,0,nan,1090
72.1,1150,nan,88.91,nan
72.12,1130,6.9,89.03,1270
72.17,1180,13.6,88.99,nan
72.16,1170,nan,88.99,1230
72.12,1130,0,89.03,1200
72.14,1150,0,nan,1210
72.18,1160,0,89.03,1200
72.1,1060,0,89.01,1130
72.1,1060,0,89.03,1150
72.12,nan,0,89.06,nan
nan,1110,0,nan,1120
72.14,nan,0,88.91,1040
72.07,1030,nan,88.95,1080
72.11,1070,nan,nan,1120
72.07,1030,0.2,88.9,1100
nan,1050,38.7,88.8,1060
nan,1020,0,nan,1120
72.04,1000,nan,88.83,1040
71.99,940,0,89.01,1120
72.07,nan,nan,89.14,1200
nan,nan,10.2,89.13,nan
72.14,nan,1.4,89.08,1170
nan,1120,0,nan,1170
72.08,1070,0.1,89.07,1160
nan,1120,5.2,89.11,1180
72.11,1110,0,89.1,1170
72.11,1140,0,89.13,1200
72.14,nan,0,89.15,1210
72.12,nan,0,89.13,1190
72.13,1160,0,nan,nan
72.17,1210,0,89.12,nan
72.15,1190,0,89.15,1220
72.17,1220,0,89.12,1190
72.16,1200,0,nan,1130
72.13,1160,0,89.13,1200
72.17,1220,nan,89.11,1180
72.2,nan,0,89.1,1170
72.17,1220,0,89.1,nan
nan,1210,0,89.11,1140
72.16,1210,0.1,nan,1140
72.19,1170,0,89.09,nan
72.2,1180,nan,89.13,nan
nan,1220,0.1,89.12,1150
72.24,1230,0,89.1,1180
nan,1200,nan,89.19,nan
72.26,1250,0.1,nan,1240
72.3,1300,nan,89.14,1250
nan,nan,0,88.88,1040
72.17,1090,0.1,88.8,nan
72.12,1040,nan,88.93,1020
nan,1060,0,88.8,920
72.11,1020,0,nan,995
72.1,1010,0,88.89,1020
72.08,975,0,88.98,1090
72.1,1000,0,nan,1110
72.05,nan,0,88.88,1080
nan,nan,0,88.88,1080
72.02,910,nan,88.86,1040
72.01,900,nan,nan,1000
72,nan,2.7,nan,1000
72.03,nan,0.1,nan,1010
72.03,nan,0.1,88.87,1010
nan,nan,0,88.86,nan
72.04,935,nan,88.96,1020
nan,nan,nan,nan,1280
72.3,nan,0,nan,1240
nan,nan,0,89.33,1300
72.35,1280,0.3,89.31,nan
nan,1360,48.1,89.42,1390
nan,nan,43.9,89.47,1440
nan,nan,0.9,89.34,1390
72.43,1350,13.8,89.3,1350
72.38,1300,0,89.26,1310
72.37,1290,nan,nan,1420
72.45,1390,0.8,89.63,1700
nan,2070,0,90.09,2170
73.15,2480,0,90.23,2520
73.3,2800,0,90.21,2650
73.23,2680,0,90.14,2420
73.18,2590,0,nan,2970
73.36,2970,0.1,90.4,3520
73.55,3470,0,90.17,3180
73.27,3060,0,90.08,3020
73.08,2720,0,nan,nan
73.05,2630,0.1,90.05,2760
73.06,2650,1.1,90.07,2740
72.85,2320,0,nan,nan
72.56,1950,0,89.33,1420
72.34,1550,2.2,nan,1180
72.25,1280,12,88.94,1070
72.12,1080,1.8,88.68,876
72.02,920,0.5,88.6,nan
72.01,nan,0.1,nan,782
71.98,850,nan,nan,nan
72.02,910,0.1,88.51,840
71.95,790,nan,88.6,868
72.01,885,18.7,88.53,830
71.98,850,0.2,nan,701
71.8,630,3.2,88.25,690
71.77,656,0.7,88.25,690
71.8,680,0,88.3,nan
71.82,696,0,88.3,708
71.84,715,0,nan,705
71.82,nan,0,88.28,nan
71.83,685,0,88.25,705
71.81,nan,0,nan,723
nan,695,0.1,nan,642
71.83,675,0,88.28,675
71.83,675,2.5,88.2,630
71.83,635,14.6,88.21,nan
71.8,610,5.1,88.22,638
71.78,595,0,88.56,840
72.02,845,0,88.51,814
71.99,795,nan,88.2,625
71.75,nan,0,88.24,680
71.75,550,1.3,88.19,nan
71.74,540,0,87.83,510
71.51,400,21.4,88.01,528
nan,425,0,87.88,nan
71.48,420,3.5,87.84,462
71.47,445,0.4,87.75,430
71.39,nan,0,87.71,405
nan,nan,0,87.83,450
71.32,nan,0.1,nan,403
71.33,360,2.3,87.86,460
71.31,nan,0,nan,nan
71.35,370,0,nan,339
71.18,nan,1.5,87.58,338
71.13,275,0.1,87.59,nan
71.1,285,0,nan,321
nan,270,0,87.61,325
71.11,nan,0,87.65,342
71.16,nan,0.1,nan,338
71.2,320,0,87.61,325
nan,285,5.1,87.59,317
nan,282,nan,87.59,317
71.14,292,0.2,87.59,310
71.09,276,0.5,87.59,310
71.16,300,nan,87.62,nan
nan,285,0,87.61,318
71.13,nan,10.6,87.6,313
71.15,296,0.1,87.59,310
71.14,293,10.3,nan,313
nan,290,0,87.6,313
71.13,290,0,nan,nan
nan,282,0,87.66,357
71.15,295,nan,nan,345
71.18,305,5.5,nan,360
71.23,nan,0,87.67,345
71.21,316,0,nan,nan
71.14,292,0,87.57,301
nan,260,0,nan,270
71.02,254,0,87.43,253
70.95,235,0,87.47,286
70.95,255,0,nan,286
70.95,255,0,87.46,282
70.95,255,nan,87.45,279
70.91,248,0,87.42,250
70.91,248,nan,nan,250
70.91,248,0,nan,243
70.89,245,0.1,87.4,243
70.89,245,0,nan,nan
70.89,245,0,87.4,nan
70.89,245,0,87.39,240
70.88,241,0,87.55,293
70.94,252,0.1,nan,342
71.12,292,0,nan,304
71.09,285,nan,87.44,275
71.03,270,0.4,87.42,267
70.97,258,0,87.42,274
70.96,255,nan,87.4,265
70.93,nan,0,87.4,265
70.93,250,3.3,87.41,269
70.93,nan,7.4,87.48,289
70.95,255,nan,87.64,330
71.13,295,0,87.52,283
71.12,290,0,87.53,nan
71.08,nan,0,nan,290
71.06,278,0,nan,nan
71.05,275,0,87.47,nan
71.05,275,nan,87.5,295
71.05,275,0,87.49,304
71.05,275,0,87.49,304
71.05,nan,0,87.49,304
71.05,nan,0,87.47,297
nan,275,0,nan,300
71.01,nan,0,87.48,300
71.01,265,0,87.48,300
nan,280,0,87.47,297
71.01,280,0,nan,300
70.97,270,0,87.47,nan
70.97,270,0.8,87.46,294
nan,268,5.3,87.47,297
70.99,275,0,nan,301
71.02,nan,0,87.53,315
nan,297,0,87.47,289
71.03,288,0,87.48,nan
71.02,285,0.1,87.46,nan
nan,275,0.1,87.46,285
nan,275,0,nan,289
70.97,nan,0,87.47,nan
70.97,nan,0,87.53,310
nan,280,1,87.53,310
nan,280,20.6,nan,325
71.08,303,nan,87.59,340
71.12,315,0.1,87.57,330
71.13,318,0,87.58,nan
71.13,318,0.1,87.58,335
71.13,318,0,87.53,310
nan,nan,0,nan,335
nan,320,0,87.62,349
71.18,333,0,87.63,352
71.23,350,5.6,87.57,nan
71.18,nan,1.2,87.61,343
71.13,318,0.9,nan,nan
nan,325,nan,87.54,320
nan,320,0,87.59,335
71.15,nan,0.1,87.64,355
71.2,340,1.9,87.57,nan
nan,333,12.4,87.57,nan
71.15,323,nan,87.63,352
71.21,343,nan,87.66,364
71.27,363,0,87.65,360
71.27,363,0,87.65,360
nan,360,0,87.66,369
71.28,367,0,87.66,369
71.28,367,0,87.62,352
71.27,nan,0,87.62,348
71.24,353,nan,87.6,nan
71.22,346,0,nan,338
71.19,335,0,nan,327
71.16,325,nan,87.59,nan
nan,323,0,87.59,335
71.18,nan,0,87.59,335
71.19,nan,0,87.58,332
nan,335,nan,nan,nan
71.15,nan,nan,nan,308
71.09,305,0,87.53,312
nan,303,0,87.48,291
71.05,293,0,nan,284
71.04,290,0,87.49,294
71.02,285,0,87.54,323
nan,nan,0,nan,nan
71.11,310,nan,87.53,320
71.1,310,0,nan,323
71.11,312,nan,87.53,305
71.13,318,0,87.52,300
nan,309,0,87.51,298
71.09,305,0,87.5,298
nan,302,nan,87.51,302
71.07,nan,0,87.53,310
71.1,nan,0,87.52,305
71.1,309,nan,87.52,305
71.1,309,0,87.53,310
71.11,nan,0.1,87.73,382
71.2,340,0,nan,420
nan,393,0,nan,420
nan,nan,0,nan,nan
nan,nan,0,87.76,402
71.4,410,0,87.78,436
71.4,nan,0,87.84,470
71.45,430,0,87.78,436
71.41,414,0,87.78,436
71.43,422,nan,87.82,457
71.4,410,0.1,87.9,500
71.48,443,0,nan,505
71.52,460,nan,87.8,447
71.44,426,0.1,87.78,428
nan,435,0,nan,442
71.37,nan,0,nan,400
71.42,418,0,87.81,452
71.4,410,nan,87.79,441
71.41,414,0,87.76,425
71.4,410,nan,87.76,nan
71.38,403,0,87.77,430
71.38,nan,0,87.76,425
71.38,nan,0,87.74,425
71.36,396,0,87.67,400
nan,nan,0,87.47,336
nan,320,nan,87.46,325
71.05,290,nan,87.46,nan
70.99,280,0,87.49,337
70.96,283,0,87.45,nan
70.94,280,0,87.43,nan
70.92,276,0,87.43,308
70.94,290,0,87.53,340
70.99,315,0,nan,nan
71.03,325,0,87.51,nan
71.04,nan,1.4,87.54,347
71.07,335,nan,87.52,340
71.07,338,0,87.6,370
71.08,nan,nan,nan,368
nan,347,0,87.49,325
nan,nan,0,87.49,325
71.05,332,0,nan,305
71,320,nan,nan,303
70.98,314,0,87.42,303
70.97,312,0,87.42,314
70.96,310,0,87.46,325
nan,310,0,87.54,351
71.01,323,0,nan,355
71.06,nan,11.1,nan,342
71.01,323,6.1,nan,355
71.02,nan,0.1,87.54,nan
71.06,nan,nan,nan,360
71.02,325,0,87.51,342
71.02,325,0,nan,340
70.98,315,0,nan,342
71.04,nan,0,nan,nan
71.05,333,0,87.57,368
71.09,344,0.1,87.59,375
nan,nan,0.5,87.53,355
nan,330,nan,87.52,350
71.03,326,0,87.51,nan
71,320,nan,87.51,347
nan,323,nan,nan,363
71.03,326,0,87.6,372
71.02,325,0,nan,497
71.24,nan,0,87.94,nan
nan,445,0,87.94,504
71.48,481,0,87.9,493
nan,485,nan,87.92,495
71.51,496,0,88.37,804
71.76,765,0,nan,820
nan,710,0.2,nan,815
71.67,660,0,nan,nan
71.65,757,0,88.45,835
71.64,753,nan,88.43,nan
nan,772,0,nan,825
71.62,772,0,88.43,825
71.6,760,0.1,88.42,nan
71.59,755,0,88.55,907
71.69,810,0,88.53,895
71.68,nan,0,88.56,nan
71.7,833,0,88.55,907
nan,nan,0,88.55,925
nan,826,0,88.59,950
71.71,nan,nan,88.62,959
nan,826,nan,88.72,1040
71.77,880,0,nan,1050
71.78,957,nan,88.83,1100
71.79,965,0,88.69,1010
71.73,935,nan,88.6,951
71.63,875,0,88.59,946
71.64,880,0,88.55,920
71.62,868,0,88.58,938
71.63,875,0,88.58,nan
nan,875,0,88.55,920
71.59,850,0,nan,925
71.62,nan,0,88.57,931
71.64,880,0,88.6,951
71.63,875,nan,88.58,938
71.64,880,0.5,nan,nan
71.59,850,0,88.58,938
71.66,nan,0,88.58,nan
nan,890,5.8,nan,930
71.68,905,nan,88.59,936
nan,898,0,88.52,890
71.62,868,0,nan,883
71.63,873,0,88.54,905
nan,873,0,88.57,nan
nan,857,2.2,88.51,875
71.61,840,nan,88.41,815
71.54,803,0,88.41,815
nan,793,0,88.41,nan
nan,798,nan,88.43,nan
71.55,808,nan,88.37,nan
71.53,755,0,88.35,800
71.53,755,0,88.37,nan
nan,nan,0,88.24,752
71.46,715,0,88.23,700
71.45,705,nan,88.26,762
nan,735,10.7,88.14,nan
nan,713,0,88.1,660
nan,705,0,88.09,nan
71.44,680,2.2,88.09,650
71.42,670,0.1,88.12,666
71.47,643,0.1,88.09,650
71.47,643,0,88.09,nan
71.45,592,0,87.97,585
nan,569,0,87.93,565
71.41,573,0.9,87.95,575
71.43,nan,0,87.84,516
71.37,527,nan,88.01,597
71.36,520,0.9,87.97,575
71.44,573,nan,87.82,492
71.36,nan,0,87.88,524
nan,475,0.8,87.86,512
71.38,490,nan,87.79,475
71.36,nan,0,87.78,470
71.34,470,0,87.86,518
71.36,480,0,nan,492
71.37,475,0,87.76,475
71.35,nan,nan,nan,496
71.42,500,2.7,87.88,nan
71.42,495,0,87.84,510
71.43,500,0,87.82,500
71.39,nan,0,87.85,513
71.41,490,0,87.85,513
71.44,505,0,87.88,528
71.39,nan,0,87.84,498
nan,495,0,nan,480
71.41,460,0.1,nan,nan
71.34,432,0,87.64,430
71.26,385,0,87.69,448
71.23,nan,nan,87.66,nan
71.22,nan,13.5,87.64,nan
nan,nan,0,87.66,nan
71.25,385,0,87.73,465
71.29,400,nan,nan,435
71.25,385,15.5,87.67,nan
nan,385,0.7,87.68,nan
71.29,400,0.1,87.67,445
nan,385,0,87.41,365
71.21,nan,nan,nan,320
71.04,312,31.5,87.43,nan
71.04,312,nan,87.39,342
71.01,303,5.3,nan,345
71.01,303,0.1,87.45,nan
71.01,303,0,nan,nan
nan,298,nan,87.39,342
70.98,nan,0,87.41,344
70.95,287,0,87.41,344
nan,290,0,87.44,nan
70.96,290,5.9,87.48,367
70.99,298,0,nan,377
71.06,345,nan,87.92,548
71.29,470,0,nan,618
71.56,600,0,88.32,685
71.72,718,0,88.67,850
nan,841,0,88.74,885
72.05,nan,0.8,88.7,865
72.05,900,0,88.69,890
72.02,884,20.9,88.58,825
71.96,846,nan,88.71,nan
71.98,849,nan,88.68,920
nan,867,0,nan,925
71.99,855,0,nan,920
71.99,nan,0,88.63,885
71.95,830,0.1,nan,867
nan,830,0,88.33,690
71.79,738,3.3,88.2,nan
nan,673,0,88.16,600
71.68,648,0,nan,940
72.05,868,0,88.8,nan
72.18,985,0,88.89,1050
72.23,990,0,89.06,1180
nan,1140,nan,nan,1210
72.23,1020,nan,88.66,907
71.95,804,0.6,88.55,833
71.96,nan,nan,88.53,820
nan,nan,0,88.58,852
nan,798,nan,nan,866
71.97,875,0.1,88.58,852
71.97,875,6.4,88.59,860
nan,888,27.1,88.71,942
72.05,893,nan,88.68,922
72.03,880,0,nan,950
72.04,887,0,88.67,nan
72,860,150.1,88.61,nan
72.07,905,9.7,88.8,1000
nan,950,0.1,88.94,1150
nan,1030,0,89.21,1360
72.46,1320,0,nan,nan
nan,nan,nan,89.43,nan
72.56,1470,0,89.46,1650
72.46,nan,0,89.29,nan
72.33,1320,0.1,89.29,1480
72.29,1260,0.2,nan,1270
72.09,1030,nan,88.95,1110
72.02,970,24.2,nan,nan
nan,960,0,88.96,nan
72.05,993,1.5,89.09,1250
72.21,1180,7.8,89.18,nan
nan,nan,0.1,89.22,1370
72.23,1200,nan,nan,1020
71.91,920,2.5,nan,830
71.71,820,0.4,88.41,825
71.69,775,6,88.34,784
71.68,771,0.1,88.63,nan
71.79,833,0.1,88.35,788
71.71,788,0,88.01,595
71.4,615,0,87.99,516
71.36,550,0,87.98,nan
nan,558,nan,87.98,512
71.38,460,0,87.98,nan
71.44,nan,0,87.97,540
71.4,470,0,87.98,545
71.49,523,0.1,87.64,403
71.26,395,0,87.71,436
71.16,350,12.7,87.61,398
71.17,355,1.8,87.61,nan
71.06,nan,0,87.59,390
nan,350,0.1,nan,398
71.02,307,1.7,nan,nan
nan,338,0,87.61,nan
70.98,nan,32.3,nan,382
71.17,368,0,nan,401
71,300,0,87.61,416
71.05,317,nan,87.61,416
71.13,350,0,87.53,386
70.99,297,nan,87.59,nan
71.03,310,0,87.56,nan
nan,334,0,87.6,nan
71,300,0,nan,nan
70.98,295,nan,nan,353
71.07,325,0,87.51,348
71,300,0,87.61,nan
71.06,322,0,87.5,346
71.01,305,nan,87.57,364
nan,333,0,87.54,390
70.98,295,0.1,87.52,nan
71.03,310,0.1,87.58,399
71.09,333,0,87.49,340
nan,295,0,87.49,340
71.04,nan,10.7,87.51,346
71,300,0,87.61,375
71.13,nan,0,87.61,nan
71.11,nan,0,87.61,370
71.07,325,0,nan,370
71.03,310,nan,87.61,370
71.03,310,0,nan,338
70.98,292,nan,87.51,340
71.07,325,0,87.61,nan
nan,300,nan,nan,325
70.94,276,0,nan,338
71.04,313,0,87.52,345
70.93,273,nan,87.61,373
71.03,310,22.7,87.8,442
71.2,nan,11.9,87.83,nan
71.31,440,1.9,nan,nan
71.33,452,0,87.81,475
71.33,nan,nan,87.79,465
71.22,395,nan,87.84,492
71.37,475,10.1,87.82,485
nan,465,0,nan,488
71.29,430,0,87.85,498
71.3,435,0,87.83,465
71.35,465,1.2,87.84,470
71.35,465,0.6,87.81,455
71.34,459,0,nan,435
71.25,410,0,nan,nan
71.35,465,0,87.68,nan
71.26,395,0,87.63,382
71.2,nan,0,87.71,427
71.23,380,0,87.81,465
71.24,385,nan,87.81,465
71.35,443,11.8,87.63,395
71.19,nan,0,87.62,nan
71.23,380,0,87.79,nan
71.22,375,nan,87.7,423
71.17,350,0,nan,438
71.3,415,1.5,nan,nan
71.25,390,3,87.86,nan
71.39,465,0.1,nan,426
nan,400,15.9,87.82,450
71.31,nan,12.1,nan,485
71.4,470,0.2,87.96,nan
71.51,nan,5.8,88.09,565
71.59,571,25.5,nan,565
71.66,nan,0.7,88.11,560
71.67,nan,0,88.05,nan
71.61,580,0,88.09,554
71.6,nan,0.1,88.06,541
71.65,602,nan,nan,510
nan,560,0,nan,527
71.63,nan,nan,87.82,452
71.5,nan,0,87.86,467
71.35,440,nan,87.89,477
71.37,455,nan,nan,456
71.32,426,12.3,87.85,463
71.43,485,0,87.93,492
71.45,495,0,87.81,434
71.41,475,0,87.65,380
71.26,395,0,87.74,412
71.25,nan,0,87.84,444
71.33,430,0,nan,415
71.27,400,nan,87.72,404
nan,nan,0,87.64,377
71.16,345,0,87.66,383
71.21,370,0,87.61,365
71.19,nan,0.3,87.63,373
71.09,315,0,87.64,377
71.09,315,0.1,87.61,365
nan,315,nan,87.61,365
71.05,nan,nan,87.62,369
71.15,340,nan,87.72,404
71.1,320,0,87.73,408
71.18,372,0,nan,383
71.2,385,0,87.53,339
71.02,306,nan,87.47,318
70.91,268,0,87.32,275
70.88,nan,0,87.46,325
70.88,258,0,nan,338
nan,nan,0,nan,330
70.94,nan,0,87.45,322
70.93,278,0,87.47,327
70.92,275,0,87.47,327
70.93,293,0,nan,338
nan,nan,0,nan,336
70.94,297,0,87.49,333
70.94,297,0,87.49,333
70.94,297,nan,87.52,nan
70.93,293,0,nan,333
nan,300,nan,87.47,327
nan,293,0,nan,330
70.93,nan,0.1,87.46,323
70.9,285,0,87.46,323
nan,nan,0,87.35,302
nan,279,0,87.32,nan
70.8,255,0,87.31,296
70.79,246,0,87.33,298
70.79,246,0,87.31,296
70.79,246,0.1,87.33,298
70.79,246,14.2,87.33,298
70.72,235,0,87.34,289
70.69,230,0,87.34,289
70.71,nan,0,87.33,286
70.71,232,6.1,87.31,282
70.71,232,8.9,nan,nan
70.66,240,nan,87.31,282
70.59,246,nan,87.25,267
70.59,246,0,87.22,nan
nan,248,nan,87.19,254
70.59,nan,0,87.18,224
70.59,246,nan,nan,202
nan,238,0,87.15,193
70.59,236,0,nan,nan
nan,236,0.8,87.18,202
70.6,238,5.6,87.17,nan
nan,217,1.1,nan,196
70.6,217,nan,87.18,216
70.6,217,0,87.18,216
70.5,207,nan,87.19,220
70.5,nan,0,87.22,232
70.52,209,0,87.18,216
70.55,212,0,87.15,nan
nan,208,nan,nan,210
70.45,203,0,87.17,nan
nan,203,nan,87.17,213
70.46,203,nan,87.17,213
70.46,203,0,87.16,220
70.47,nan,0,87.12,nan
70.42,200,0,87.12,205
70.42,200,0,87.14,212
nan,nan,0,nan,209
nan,199,0,nan,198
nan,198,0,87.08,nan
70.35,193,0,87.07,190
70.35,188,nan,87.08,197
70.34,186,0,nan,203
70.35,188,0,nan,194
70.35,nan,nan,87.08,190
70.34,183,0.1,87.09,nan
70.36,187,0,nan,201
70.36,187,0,87.09,193
70.39,191,0,87.11,nan
70.38,189,0.1,87.12,205
nan,nan,0.3,87.21,225
70.45,197,0,87.26,240
nan,209,0,87.28,248
70.54,209,0,87.24,nan
70.63,221,0.1,87.26,nan
70.6,217,nan,87.25,237
70.62,220,0,87.19,217
70.57,212,nan,87.22,228
nan,211,0,87.23,230
70.57,212,nan,87.45,305
70.69,230,nan,nan,360
nan,nan,0,87.78,400
71.06,307,0,87.78,400
71.15,339,0,nan,415
71.19,353,0,87.82,411
71.24,nan,nan,87.94,nan
71.29,382,0,88.06,520
nan,414,0,88.05,517
71.46,459,7,nan,nan
71.47,nan,0.1,88.04,514
71.46,459,0,88.06,nan
nan,447,0,88,515
71.4,435,0,87.98,508
71.39,432,0,87.97,515
71.39,489,0,87.98,520
71.39,489,0,nan,505
71.37,481,0,87.94,500
71.38,485,0,nan,535
71.41,nan,0,nan,700
nan,556,0,88.38,736
71.62,572,0,nan,782
71.64,635,nan,88.36,nan
71.54,570,0,88.31,nan
71.51,643,0,88.32,705
nan,nan,0,88.32,705
nan,627,0,88.27,696
nan,nan,0,nan,696
71.41,603,0,88.38,nan
71.47,630,0,88.47,nan
71.55,668,0,nan,835
71.58,748,0,nan,835
71.59,753,0,88.46,nan
71.59,753,0,88.46,811
71.59,753,0,88.46,811
nan,753,1.1,88.48,823
71.6,759,5,nan,817
71.59,753,0,nan,811
71.6,759,0.4,88.49,827
71.64,775,0.1,nan,878
71.65,780,0,nan,nan
71.64,775,0,88.51,852
71.61,763,0,88.55,880
71.65,780,nan,88.51,852
71.61,763,0,88.5,845
71.64,775,nan,88.65,950
71.71,813,9.2,88.68,nan
71.74,nan,nan,nan,960
71.75,835,0,88.6,927
71.74,830,nan,88.63,950
71.75,835,0,nan,1050
71.83,nan,8.1,88.6,927
71.78,860,0,nan,1060
71.8,nan,0,88.71,980
71.77,852,0,88.73,nan
71.79,930,3.4,88.72,990
nan,934,0.1,88.7,974
nan,938,3.4,88.75,1010
71.83,948,0,88.73,995
nan,nan,0,nan,974
71.78,nan,0.1,88.76,1010
71.82,943,0,nan,1030
nan,948,0,88.93,1130
71.92,985,nan,88.79,1030
nan,965,0,nan,1010
71.87,965,0,88.8,nan
71.91,983,nan,nan,nan
71.94,995,0,88.81,1040
71.88,968,0,nan,1010
71.84,953,nan,88.86,nan
71.88,978,0,88.8,nan
nan,995,0,88.86,1080
71.9,995,nan,nan,nan
71.88,985,0,nan,955
71.83,nan,nan,88.57,882
71.74,nan,0,88.64,nan
nan,nan,0,88.52,850
nan,nan,nan,nan,805
71.62,nan,nan,nan,755
71.6,815,0,88.41,nan
nan,825,21.8,88.5,838
71.68,nan,1.5,88.47,820
71.66,845,0,88.45,807
71.63,830,0,88.48,870
71.65,nan,nan,nan,914
71.68,855,5,nan,895
71.65,840,0,nan,800
71.59,810,0,nan,838
71.64,835,0,88.49,832
71.62,825,0,nan,805
71.6,nan,0,88.44,800
71.6,815,0,88.41,790
nan,nan,nan,nan,nan
71.57,800,0,88.36,750
71.57,nan,0,88.29,713
nan,732,0,88.48,nan
71.65,nan,0,88.39,787
71.64,780,0,88.3,740
71.61,764,nan,88.41,788
71.62,769,0.1,nan,760
71.6,760,15.1,88.45,nan
71.62,nan,0,88.42,795
71.67,795,0,88.43,nan
71.68,nan,nan,88.4,783
nan,nan,0,88.52,nan
nan,nan,0,nan,837
nan,818,0,88.37,767
nan,780,0,88.36,760
71.63,nan,0,88.44,805
nan,nan,0,88.32,nan
71.67,800,0,nan,835
71.69,810,nan,nan,740
71.7,775,1,88.42,785
71.72,790,24.6,88.53,853
71.79,825,nan,88.47,815
71.83,845,0,88.53,853
71.82,840,1.1,88.56,871
71.81,835,0,88.48,822
71.79,825,2.3,nan,nan
71.79,775,0,88.44,775
71.75,nan,nan,88.5,nan
71.76,750,0,88.62,885
71.86,nan,0,88.71,968
71.94,830,0,88.74,990
nan,860,nan,88.8,1030
72.03,875,0,88.8,1030
71.99,855,0,88.83,1060
72.01,865,0,88.85,nan
72.01,865,0,88.81,1040
71.99,855,0.1,88.77,nan
nan,845,nan,nan,1080
72.02,870,nan,88.73,983
nan,nan,0.1,nan,1090
72.07,895,0,nan,1070
72.07,nan,nan,88.8,1030
72.06,890,0,88.86,1070
nan,900,0,88.81,1040
72.1,910,0,88.68,nan
72,nan,0,88.61,902
71.92,nan,7.1,88.59,868
71.87,785,0,88.6,874
71.92,nan,0,nan,840
71.86,780,nan,88.37,735
71.84,765,0.1,88.32,702
nan,760,nan,88.13,620
71.84,765,0.1,88.41,745
71.79,740,0,88.1,nan
71.68,660,0,88.24,658
71.67,655,0.1,88.05,581
71.57,nan,nan,nan,510
71.44,510,nan,87.93,506
71.41,495,0,87.91,nan
nan,475,0,87.82,458
71.38,475,13.8,87.91,508
71.38,475,0,87.79,465
71.36,465,nan,87.82,474
71.32,445,0,87.88,498
71.33,nan,nan,87.88,498
71.35,460,0,87.9,505
nan,460,0,87.87,494
nan,435,0,87.83,477
71.35,460,0,88.04,557
71.37,nan,0,87.89,nan
71.34,455,0,87.9,nan
71.34,nan,8.4,87.95,nan
71.31,440,0,nan,nan
71.31,440,0,87.9,503
71.31,440,0.1,88.23,648
71.51,550,50.3,87.97,528
71.5,545,0.3,nan,870
nan,655,1.6,88.26,706
71.77,800,20.3,nan,nan
71.85,820,0,nan,1090
72.03,925,0,88.15,607
71.69,730,0,88,nan
nan,575,0,87.83,478
71.35,460,31.4,87.93,495
71.31,440,nan,87.95,505
71.31,nan,0,87.91,486
nan,445,0,87.92,490
71.27,420,0,87.88,nan
71.26,415,9.3,87.9,482
71.26,415,0,87.96,509
71.27,455,nan,nan,470
71.29,465,0,nan,486
nan,455,0,87.89,478
nan,nan,nan,nan,nan
71.07,380,21.4,nan,430
nan,358,1.9,87.72,410
71.07,nan,0,nan,400
nan,340,0,87.64,380
71.03,330,nan,87.66,387
71.03,330,0,87.56,351
71,nan,0,87.88,nan
71.08,350,nan,87.69,400
71.09,nan,0.1,87.57,354
71.03,330,nan,87.52,345
70.94,295,0.1,87.47,329
nan,nan,10.7,87.48,333
70.95,308,30.4,87.68,nan
70.95,308,0,87.64,375
71.04,nan,0,87.6,357
71.05,344,nan,87.68,393
70.95,308,1.5,nan,310
70.92,300,2.1,87.46,nan
70.86,280,1.9,87.47,327
nan,nan,6.6,87.43,314
70.83,273,0,87.44,317
70.8,265,0,87.4,nan
nan,268,3,87.43,314
70.82,270,15.3,87.48,nan
70.81,268,0,87.44,317
70.82,270,0,87.54,349
nan,268,0,87.45,nan
70.84,275,0,87.54,349
70.82,270,0,87.53,345
70.85,278,0,nan,339
70.86,280,0,87.49,333
nan,272,0,nan,330
70.83,272,0,nan,327
70.82,270,nan,87.43,314
70.79,nan,0,87.41,307
70.74,253,nan,nan,nan
70.73,250,0,87.38,304
70.73,243,0,nan,309
70.74,245,nan,87.39,306
70.75,248,5.7,87.44,320
70.76,257,1.8,87.51,339
70.79,nan,nan,nan,nan
nan,nan,0,87.57,360
70.86,282,10.4,nan,nan
70.92,298,12.1,87.45,322
70.87,284,0.1,87.5,336
70.77,260,10.8,nan,nan
nan,293,nan,nan,377
70.97,315,0,87.75,nan
71.03,390,0,87.77,432
71.1,415,0,87.99,523
71.19,475,nan,88.12,585
71.43,nan,0.4,87.97,nan
nan,500,nan,87.9,nan
71.26,440,4.8,88.02,535
71.35,485,4,87.95,505
71.45,530,0,87.68,nan
71.35,479,nan,87.83,455
71.28,445,0,88.18,615
71.52,570,1,88.11,582
71.62,590,3,87.92,495
71.52,nan,1.7,87.87,472
71.34,465,0,nan,505
71.39,488,0,87.95,505
71.41,495,0,87.93,497
71.39,488,0,nan,473
71.34,465,0,87.85,463
71.33,440,0,88.06,553
71.41,475,0,88.23,626
71.63,nan,0,88.31,663
71.75,630,0,88.28,650
71.79,nan,0,nan,680
nan,620,0,nan,489
71.6,560,0,88.01,530
71.5,535,nan,88.16,596
71.58,nan,0.1,88.17,nan
71.65,600,0,88.3,659
71.64,nan,0,nan,703
71.77,660,0,nan,nan
71.78,675,nan,88.34,696
nan,630,0,88.17,610
71.6,580,nan,88.17,610
71.53,547,0,88.02,540
71.47,nan,0,88.06,558
71.44,508,0.7,88.18,618
71.49,530,0,88.11,582
nan,534,0,88.25,nan
71.52,544,0,nan,nan
71.49,530,0,88.08,567
71.41,498,nan,88.08,567
nan,472,nan,88.07,563
71.33,463,0,88.09,572
71.36,475,0,88.07,562
nan,472,0.1,88.16,607
71.36,nan,0,88.27,659
nan,nan,0,88.27,659
nan,570,0,88.36,700
nan,650,0,88.67,825
71.68,740,0,nan,796
71.64,745,0,88.62,815
71.6,nan,nan,88.56,787
71.6,723,0,88.65,820
71.64,747,0,88.61,810
nan,nan,0,nan,869
nan,833,0,nan,839
71.75,826,0,88.67,847
nan,805,0,88.56,792
71.68,786,nan,88.86,940
71.86,892,0,nan,995
71.92,928,0,88.9,nan
71.92,965,0,88.86,nan
71.86,930,nan,88.72,897
71.78,nan,nan,88.54,815
71.66,nan,0,88.47,nan
71.58,770,0,88.24,710
71.45,700,0,88.13,658
71.37,655,0,88.15,660
71.38,660,nan,88.15,647
71.43,685,1.2,88.16,652
71.43,nan,0,88.19,666
71.45,695,0,88.16,648
71.43,620,0,88.14,638
71.41,608,0,nan,700
71.47,nan,0,88.18,nan
71.43,620,0,nan,624
nan,600,nan,88.07,580
71.32,555,0,88.03,565
71.26,520,0,87.9,505
71.14,407,nan,87.71,410
nan,nan,0,nan,432
71.09,385,0,nan,432
71.12,398,0,87.73,416
71.08,380,0,87.78,436
71.14,406,nan,87.73,416
71.11,393,0,87.76,428
71.11,393,0,87.75,425
